analyzer_run_id,backtest_run_dir,derived_run,scope,ruleset_id,source_candidate_group,direction,setup_type,promotion_decision,validation_status,robustness_status,sample_sufficiency_status,expectancy_status,drawdown_status,source_concentration_status,trade_count,resolved_trade_count,unresolved_trade_count,long_trade_count,short_trade_count,win_rate,expectancy,trade_return_count,trade_return_mean,trade_return_median,exit_reason_categories,reject_class,reject_reason
2026-03-12_to_2026-03-12_run_003_smoke_batch,2026-03-12_to_2026-03-12_run_003_smoke_batch,,ALL_TRADES,,,,,REJECT,FAIL,UNSTABLE,FAIL,NOT_EVALUATED,NOT_EVALUATED,FAIL,11,0,11,11,0,,,0,,,UNRESOLVED:11,LIVE_UNRESOLVED_NO_RETURN,non-zero trades but all unresolved; return metrics unavailable
2026-03-12_to_2026-03-12_run_003_smoke_batch,2026-03-12_to_2026-03-12_run_003_smoke_batch,,RESOLVED_ONLY,,,,,REJECT,FAIL,UNSTABLE,FAIL,NOT_EVALUATED,NOT_EVALUATED,NOT_EVALUATED,0,0,0,0,0,,,0,,,,NO_RESOLVED_TRADES,RESOLVED_ONLY scope has no closed/resolved trades
2026-03-12_to_2026-03-12_run_003_smoke_batch,2026-03-12_to_2026-03-12_run_003_smoke_batch,,RULESET_REPORT_SETUPTYPE_FAILED_BREAK_RECLAIM_LONG_V1_LONG_BASE,RULESET_REPORT_SETUPTYPE_FAILED_BREAK_RECLAIM_LONG_V1_LONG_BASE,report|SetupType|FAILED_BREAK_RECLAIM_LONG,LONG,FAILED_BREAK_RECLAIM_LONG,REJECT,FAIL,UNSTABLE,FAIL,NOT_EVALUATED,NOT_EVALUATED,FAIL,11,0,11,11,0,,,0,,,UNRESOLVED:11,LIVE_UNRESOLVED_NO_RETURN,non-zero trades but all unresolved; return metrics unavailable
2026-03-13_to_2026-03-13_run_002_smoke_batch,2026-03-13_to_2026-03-13_run_002_smoke_batch,,ALL_TRADES,,,,,REJECT,FAIL,UNSTABLE,FAIL,NOT_EVALUATED,NOT_EVALUATED,FAIL,18,0,18,0,18,,,0,,,UNRESOLVED:18,LIVE_UNRESOLVED_NO_RETURN,non-zero trades but all unresolved; return metrics unavailable
2026-03-13_to_2026-03-13_run_002_smoke_batch,2026-03-13_to_2026-03-13_run_002_smoke_batch,,RESOLVED_ONLY,,,,,REJECT,FAIL,UNSTABLE,FAIL,NOT_EVALUATED,NOT_EVALUATED,NOT_EVALUATED,0,0,0,0,0,,,0,,,,NO_RESOLVED_TRADES,RESOLVED_ONLY scope has no closed/resolved trades
2026-03-13_to_2026-03-13_run_002_smoke_batch,2026-03-13_to_2026-03-13_run_002_smoke_batch,,RULESET_REPORT_SETUPTYPE_FAILED_BREAK_RECLAIM_SHORT_V1_SHORT_BASE,RULESET_REPORT_SETUPTYPE_FAILED_BREAK_RECLAIM_SHORT_V1_SHORT_BASE,report|SetupType|FAILED_BREAK_RECLAIM_SHORT,SHORT,FAILED_BREAK_RECLAIM_SHORT,REJECT,FAIL,UNSTABLE,FAIL,NOT_EVALUATED,NOT_EVALUATED,FAIL,18,0,18,0,18,,,0,,,UNRESOLVED:18,LIVE_UNRESOLVED_NO_RETURN,non-zero trades but all unresolved; return metrics unavailable
2026-03-14_to_2026-03-14_run_001_smoke_batch,2026-03-14_to_2026-03-14_run_001_smoke_batch,,ALL_TRADES,,,,,REJECT,FAIL,UNSTABLE,FAIL,NOT_EVALUATED,NOT_EVALUATED,NOT_EVALUATED,0,0,0,0,0,,,0,,,,DEAD_REJECT,trade_count=0
2026-03-14_to_2026-03-14_run_001_smoke_batch,2026-03-14_to_2026-03-14_run_001_smoke_batch,,RESOLVED_ONLY,,,,,REJECT,FAIL,UNSTABLE,FAIL,NOT_EVALUATED,NOT_EVALUATED,NOT_EVALUATED,0,0,0,0,0,,,0,,,,NO_RESOLVED_TRADES,RESOLVED_ONLY scope has no closed/resolved trades
2026-03-15_to_2026-03-15_run_001,2026-03-15_to_2026-03-15_run_001_routine_20260322,derived_run_0001_ruleset_report_direction_long_v1_long_base,ALL_TRADES,,,,,REJECT,FAIL,UNSTABLE,FAIL,NOT_EVALUATED,NOT_EVALUATED,NOT_EVALUATED,0,0,0,0,0,,,0,,,,DEAD_REJECT,trade_count=0
2026-03-15_to_2026-03-15_run_001,2026-03-15_to_2026-03-15_run_001_routine_20260322,derived_run_0001_ruleset_report_direction_long_v1_long_base,RESOLVED_ONLY,,,,,REJECT,FAIL,UNSTABLE,FAIL,NOT_EVALUATED,NOT_EVALUATED,NOT_EVALUATED,0,0,0,0,0,,,0,,,,NO_RESOLVED_TRADES,RESOLVED_ONLY scope has no closed/resolved trades
2026-03-15_to_2026-03-15_run_001,2026-03-15_to_2026-03-15_run_001_routine_20260322,derived_run_0002_ruleset_report_direction_short_v1_short_base,ALL_TRADES,,,,,REJECT,FAIL,UNSTABLE,FAIL,NOT_EVALUATED,NOT_EVALUATED,NOT_EVALUATED,0,0,0,0,0,,,0,,,,DEAD_REJECT,trade_count=0
2026-03-15_to_2026-03-15_run_001,2026-03-15_to_2026-03-15_run_001_routine_20260322,derived_run_0002_ruleset_report_direction_short_v1_short_base,RESOLVED_ONLY,,,,,REJECT,FAIL,UNSTABLE,FAIL,NOT_EVALUATED,NOT_EVALUATED,NOT_EVALUATED,0,0,0,0,0,,,0,,,,NO_RESOLVED_TRADES,RESOLVED_ONLY scope has no closed/resolved trades
2026-03-15_to_2026-03-15_run_001,2026-03-15_to_2026-03-15_run_001_routine_20260322,derived_run_0003_ruleset_report_setuptype_failed_break_reclaim_lo,ALL_TRADES,,,,,REJECT,FAIL,UNSTABLE,REVIEW,PASS,PASS,FAIL,11,11,0,11,0,0.7272727272727273,0.00025560998417288643,11,0.000256,0.000341,STOP:3;TARGET:8,LIVE_BUT_UNSTABLE,robustness_status=UNSTABLE
2026-03-15_to_2026-03-15_run_001,2026-03-15_to_2026-03-15_run_001_routine_20260322,derived_run_0003_ruleset_report_setuptype_failed_break_reclaim_lo,RESOLVED_ONLY,,,,,REJECT,FAIL,UNSTABLE,REVIEW,PASS,PASS,FAIL,11,11,0,11,0,0.7272727272727273,0.00025560998417288643,11,0.000256,0.000341,STOP:3;TARGET:8,LIVE_BUT_UNSTABLE,robustness_status=UNSTABLE
2026-03-15_to_2026-03-15_run_001,2026-03-15_to_2026-03-15_run_001_routine_20260322,derived_run_0003_ruleset_report_setuptype_failed_break_reclaim_lo,RULESET_REPORT_SETUPTYPE_FAILED_BREAK_RECLAIM_LONG_V1_LONG_BASE,RULESET_REPORT_SETUPTYPE_FAILED_BREAK_RECLAIM_LONG_V1_LONG_BASE,report|SetupType|FAILED_BREAK_RECLAIM_LONG,LONG,FAILED_BREAK_RECLAIM_LONG,REJECT,FAIL,UNSTABLE,REVIEW,PASS,PASS,FAIL,11,11,0,11,0,0.7272727272727273,0.00025560998417288643,11,0.000256,0.000341,STOP:3;TARGET:8,LIVE_BUT_UNSTABLE,robustness_status=UNSTABLE
2026-03-15_to_2026-03-15_run_001,2026-03-15_to_2026-03-15_run_001_routine_20260322,derived_run_0004_ruleset_report_setuptype_failed_break_reclaim_sh,ALL_TRADES,,,,,REJECT,FAIL,FRAGILE,PASS,PASS,PASS,FAIL,37,37,0,0,37,0.5675675675675675,7.927984410423219e-05,37,0.000079,0.000057,EXPIRY:7;STOP:16;TARGET:14,LIVE_BUT_UNSTABLE,robustness_status=FRAGILE
2026-03-15_to_2026-03-15_run_001,2026-03-15_to_2026-03-15_run_001_routine_20260322,derived_run_0004_ruleset_report_setuptype_failed_break_reclaim_sh,RESOLVED_ONLY,,,,,REJECT,FAIL,FRAGILE,PASS,PASS,PASS,FAIL,37,37,0,0,37,0.5675675675675675,7.927984410423219e-05,37,0.000079,0.000057,EXPIRY:7;STOP:16;TARGET:14,LIVE_BUT_UNSTABLE,robustness_status=FRAGILE
2026-03-15_to_2026-03-15_run_001,2026-03-15_to_2026-03-15_run_001_routine_20260322,derived_run_0004_ruleset_report_setuptype_failed_break_reclaim_sh,RULESET_REPORT_SETUPTYPE_FAILED_BREAK_RECLAIM_SHORT_V1_SHORT_BASE,RULESET_REPORT_SETUPTYPE_FAILED_BREAK_RECLAIM_SHORT_V1_SHORT_BASE,report|SetupType|FAILED_BREAK_RECLAIM_SHORT,SHORT,FAILED_BREAK_RECLAIM_SHORT,REJECT,FAIL,FRAGILE,PASS,PASS,PASS,FAIL,37,37,0,0,37,0.5675675675675675,7.927984410423219e-05,37,0.000079,0.000057,EXPIRY:7;STOP:16;TARGET:14,LIVE_BUT_UNSTABLE,robustness_status=FRAGILE
2026-03-16_to_2026-03-16_run_001,2026-03-16_to_2026-03-16_run_001_routine_20260322,derived_run_0001_ruleset_report_direction_long_v1_long_base,ALL_TRADES,,,,,REJECT,FAIL,UNSTABLE,FAIL,NOT_EVALUATED,NOT_EVALUATED,NOT_EVALUATED,0,0,0,0,0,,,0,,,,DEAD_REJECT,trade_count=0
2026-03-16_to_2026-03-16_run_001,2026-03-16_to_2026-03-16_run_001_routine_20260322,derived_run_0001_ruleset_report_direction_long_v1_long_base,RESOLVED_ONLY,,,,,REJECT,FAIL,UNSTABLE,FAIL,NOT_EVALUATED,NOT_EVALUATED,NOT_EVALUATED,0,0,0,0,0,,,0,,,,NO_RESOLVED_TRADES,RESOLVED_ONLY scope has no closed/resolved trades
2026-03-16_to_2026-03-16_run_001,2026-03-16_to_2026-03-16_run_001_routine_20260322,derived_run_0002_ruleset_report_setuptype_failed_break_reclaim_lo,ALL_TRADES,,,,,REJECT,FAIL,UNSTABLE,REVIEW,FAIL,PASS,FAIL,11,11,0,11,0,0.2727272727272727,-0.00015104418253289104,11,-0.000151,-0.000599,STOP:8;TARGET:3,LIVE_BUT_NEGATIVE,negative mean trade_return_pct
2026-03-16_to_2026-03-16_run_001,2026-03-16_to_2026-03-16_run_001_routine_20260322,derived_run_0002_ruleset_report_setuptype_failed_break_reclaim_lo,RESOLVED_ONLY,,,,,REJECT,FAIL,UNSTABLE,REVIEW,FAIL,PASS,FAIL,11,11,0,11,0,0.2727272727272727,-0.00015104418253289104,11,-0.000151,-0.000599,STOP:8;TARGET:3,LIVE_BUT_NEGATIVE,negative mean trade_return_pct
2026-03-16_to_2026-03-16_run_001,2026-03-16_to_2026-03-16_run_001_routine_20260322,derived_run_0002_ruleset_report_setuptype_failed_break_reclaim_lo,RULESET_REPORT_SETUPTYPE_FAILED_BREAK_RECLAIM_LONG_V1_LONG_BASE,RULESET_REPORT_SETUPTYPE_FAILED_BREAK_RECLAIM_LONG_V1_LONG_BASE,report|SetupType|FAILED_BREAK_RECLAIM_LONG,LONG,FAILED_BREAK_RECLAIM_LONG,REJECT,FAIL,UNSTABLE,REVIEW,FAIL,PASS,FAIL,11,11,0,11,0,0.2727272727272727,-0.00015104418253289104,11,-0.000151,-0.000599,STOP:8;TARGET:3,LIVE_BUT_NEGATIVE,negative mean trade_return_pct
2026-03-17_to_2026-03-17_run_001,2026-03-17_to_2026-03-17_run_001_routine_20260322,derived_run_0001_ruleset_report_direction_short_v1_short_base,ALL_TRADES,,,,,REJECT,FAIL,UNSTABLE,FAIL,NOT_EVALUATED,NOT_EVALUATED,NOT_EVALUATED,0,0,0,0,0,,,0,,,,DEAD_REJECT,trade_count=0
2026-03-17_to_2026-03-17_run_001,2026-03-17_to_2026-03-17_run_001_routine_20260322,derived_run_0001_ruleset_report_direction_short_v1_short_base,RESOLVED_ONLY,,,,,REJECT,FAIL,UNSTABLE,FAIL,NOT_EVALUATED,NOT_EVALUATED,NOT_EVALUATED,0,0,0,0,0,,,0,,,,NO_RESOLVED_TRADES,RESOLVED_ONLY scope has no closed/resolved trades
2026-03-17_to_2026-03-17_run_001,2026-03-17_to_2026-03-17_run_001_routine_20260322,derived_run_0002_ruleset_report_setuptype_failed_break_reclaim_sh,ALL_TRADES,,,,,REJECT,FAIL,UNSTABLE,REVIEW,PASS,PASS,FAIL,9,9,0,0,9,0.7777777777777778,0.0003342468207188079,9,0.000334,0.000674,EXPIRY:1;STOP:2;TARGET:6,LIVE_BUT_UNSTABLE,robustness_status=UNSTABLE
2026-03-17_to_2026-03-17_run_001,2026-03-17_to_2026-03-17_run_001_routine_20260322,derived_run_0002_ruleset_report_setuptype_failed_break_reclaim_sh,RESOLVED_ONLY,,,,,REJECT,FAIL,UNSTABLE,REVIEW,PASS,PASS,FAIL,9,9,0,0,9,0.7777777777777778,0.0003342468207188079,9,0.000334,0.000674,EXPIRY:1;STOP:2;TARGET:6,LIVE_BUT_UNSTABLE,robustness_status=UNSTABLE
2026-03-17_to_2026-03-17_run_001,2026-03-17_to_2026-03-17_run_001_routine_20260322,derived_run_0002_ruleset_report_setuptype_failed_break_reclaim_sh,RULESET_REPORT_SETUPTYPE_FAILED_BREAK_RECLAIM_SHORT_V1_SHORT_BASE,RULESET_REPORT_SETUPTYPE_FAILED_BREAK_RECLAIM_SHORT_V1_SHORT_BASE,report|SetupType|FAILED_BREAK_RECLAIM_SHORT,SHORT,FAILED_BREAK_RECLAIM_SHORT,REJECT,FAIL,UNSTABLE,REVIEW,PASS,PASS,FAIL,9,9,0,0,9,0.7777777777777778,0.0003342468207188079,9,0.000334,0.000674,EXPIRY:1;STOP:2;TARGET:6,LIVE_BUT_UNSTABLE,robustness_status=UNSTABLE
2026-03-18_to_2026-03-22_replay_only_20260324,2026-03-18_to_2026-03-22_replay_only_20260324,derived_run_0001_ruleset_report_direction_long_v1_long_base,ALL_TRADES,,,,,REJECT,FAIL,UNSTABLE,FAIL,NOT_EVALUATED,NOT_EVALUATED,NOT_EVALUATED,0,0,0,0,0,,,0,,,,DEAD_REJECT,trade_count=0
2026-03-18_to_2026-03-22_replay_only_20260324,2026-03-18_to_2026-03-22_replay_only_20260324,derived_run_0001_ruleset_report_direction_long_v1_long_base,RESOLVED_ONLY,,,,,REJECT,FAIL,UNSTABLE,FAIL,NOT_EVALUATED,NOT_EVALUATED,NOT_EVALUATED,0,0,0,0,0,,,0,,,,NO_RESOLVED_TRADES,RESOLVED_ONLY scope has no closed/resolved trades
2026-03-18_to_2026-03-22_replay_only_20260324,2026-03-18_to_2026-03-22_replay_only_20260324,derived_run_0002_ruleset_report_setuptype_failed_break_reclaim_lo,ALL_TRADES,,,,,REJECT,FAIL,FRAGILE,REVIEW,PASS,PASS,FAIL,6,6,0,6,0,0.5,0.0001406274399325059,6,0.000141,-0.000013,STOP:3;TARGET:3,LIVE_BUT_UNSTABLE,robustness_status=FRAGILE
2026-03-18_to_2026-03-22_replay_only_20260324,2026-03-18_to_2026-03-22_replay_only_20260324,derived_run_0002_ruleset_report_setuptype_failed_break_reclaim_lo,RESOLVED_ONLY,,,,,REJECT,FAIL,FRAGILE,REVIEW,PASS,PASS,FAIL,6,6,0,6,0,0.5,0.0001406274399325059,6,0.000141,-0.000013,STOP:3;TARGET:3,LIVE_BUT_UNSTABLE,robustness_status=FRAGILE
2026-03-18_to_2026-03-22_replay_only_20260324,2026-03-18_to_2026-03-22_replay_only_20260324,derived_run_0002_ruleset_report_setuptype_failed_break_reclaim_lo,RULESET_REPORT_SETUPTYPE_FAILED_BREAK_RECLAIM_LONG_V1_LONG_BASE,RULESET_REPORT_SETUPTYPE_FAILED_BREAK_RECLAIM_LONG_V1_LONG_BASE,report|SetupType|FAILED_BREAK_RECLAIM_LONG,LONG,FAILED_BREAK_RECLAIM_LONG,REJECT,FAIL,FRAGILE,REVIEW,PASS,PASS,FAIL,6,6,0,6,0,0.5,0.0001406274399325059,6,0.000141,-0.000013,STOP:3;TARGET:3,LIVE_BUT_UNSTABLE,robustness_status=FRAGILE
2026-03-31_to_2026-03-31_run_001,2026-03-31_to_2026-03-31_run_001_routine_20260410,derived_run_0001_ruleset_report_direction_long_v1_long_base,ALL_TRADES,,,,,REJECT,FAIL,UNSTABLE,FAIL,NOT_EVALUATED,NOT_EVALUATED,NOT_EVALUATED,0,0,0,0,0,,,0,,,,DEAD_REJECT,trade_count=0
2026-03-31_to_2026-03-31_run_001,2026-03-31_to_2026-03-31_run_001_routine_20260410,derived_run_0001_ruleset_report_direction_long_v1_long_base,RESOLVED_ONLY,,,,,REJECT,FAIL,UNSTABLE,FAIL,NOT_EVALUATED,NOT_EVALUATED,NOT_EVALUATED,0,0,0,0,0,,,0,,,,NO_RESOLVED_TRADES,RESOLVED_ONLY scope has no closed/resolved trades
2026-03-31_to_2026-03-31_run_001,2026-03-31_to_2026-03-31_run_001_routine_20260410,derived_run_0002_ruleset_report_setuptype_impulse_fade_reclaim_lo,ALL_TRADES,,,,,REJECT,FAIL,FRAGILE,REVIEW,PASS,PASS,FAIL,13,13,0,13,0,0.5384615384615384,0.0004142704238881367,13,0.000414,0.000105,EXPIRY:1;STOP:6;TARGET:6,LIVE_BUT_UNSTABLE,robustness_status=FRAGILE
2026-03-31_to_2026-03-31_run_001,2026-03-31_to_2026-03-31_run_001_routine_20260410,derived_run_0002_ruleset_report_setuptype_impulse_fade_reclaim_lo,RESOLVED_ONLY,,,,,REJECT,FAIL,FRAGILE,REVIEW,PASS,PASS,FAIL,13,13,0,13,0,0.5384615384615384,0.0004142704238881367,13,0.000414,0.000105,EXPIRY:1;STOP:6;TARGET:6,LIVE_BUT_UNSTABLE,robustness_status=FRAGILE
2026-03-31_to_2026-03-31_run_001,2026-03-31_to_2026-03-31_run_001_routine_20260410,derived_run_0002_ruleset_report_setuptype_impulse_fade_reclaim_lo,RULESET_REPORT_SETUPTYPE_IMPULSE_FADE_RECLAIM_LONG_V1_V1_BOTH_BASE,RULESET_REPORT_SETUPTYPE_IMPULSE_FADE_RECLAIM_LONG_V1_V1_BOTH_BASE,report|SetupType|IMPULSE_FADE_RECLAIM_LONG_V1,BOTH,IMPULSE_FADE_RECLAIM_LONG_V1,REJECT,FAIL,FRAGILE,REVIEW,PASS,PASS,FAIL,13,13,0,13,0,0.5384615384615384,0.0004142704238881367,13,0.000414,0.000105,EXPIRY:1;STOP:6;TARGET:6,LIVE_BUT_UNSTABLE,robustness_status=FRAGILE
2026-04-01_to_2026-04-01_run_001,2026-04-01_to_2026-04-01_run_001_routine_20260410,derived_run_0001_ruleset_report_direction_short_v1_short_base,ALL_TRADES,,,,,REJECT,FAIL,UNSTABLE,FAIL,NOT_EVALUATED,NOT_EVALUATED,NOT_EVALUATED,0,0,0,0,0,,,0,,,,DEAD_REJECT,trade_count=0
2026-04-01_to_2026-04-01_run_001,2026-04-01_to_2026-04-01_run_001_routine_20260410,derived_run_0001_ruleset_report_direction_short_v1_short_base,RESOLVED_ONLY,,,,,REJECT,FAIL,UNSTABLE,FAIL,NOT_EVALUATED,NOT_EVALUATED,NOT_EVALUATED,0,0,0,0,0,,,0,,,,NO_RESOLVED_TRADES,RESOLVED_ONLY scope has no closed/resolved trades
2026-04-01_to_2026-04-01_run_001,2026-04-01_to_2026-04-01_run_001_routine_20260410,derived_run_0002_ruleset_report_setuptype_impulse_fade_reclaim_sh,ALL_TRADES,,,,,REJECT,FAIL,UNSTABLE,REVIEW,PASS,PASS,FAIL,14,14,0,0,14,0.6428571428571429,0.00020648393744779052,14,0.000206,0.000261,EXPIRY:1;STOP:5;TARGET:8,LIVE_BUT_UNSTABLE,robustness_status=UNSTABLE
2026-04-01_to_2026-04-01_run_001,2026-04-01_to_2026-04-01_run_001_routine_20260410,derived_run_0002_ruleset_report_setuptype_impulse_fade_reclaim_sh,RESOLVED_ONLY,,,,,REJECT,FAIL,UNSTABLE,REVIEW,PASS,PASS,FAIL,14,14,0,0,14,0.6428571428571429,0.00020648393744779052,14,0.000206,0.000261,EXPIRY:1;STOP:5;TARGET:8,LIVE_BUT_UNSTABLE,robustness_status=UNSTABLE
2026-04-01_to_2026-04-01_run_001,2026-04-01_to_2026-04-01_run_001_routine_20260410,derived_run_0002_ruleset_report_setuptype_impulse_fade_reclaim_sh,RULESET_REPORT_SETUPTYPE_IMPULSE_FADE_RECLAIM_SHORT_V1_V1_BOTH_BASE,RULESET_REPORT_SETUPTYPE_IMPULSE_FADE_RECLAIM_SHORT_V1_V1_BOTH_BASE,report|SetupType|IMPULSE_FADE_RECLAIM_SHORT_V1,BOTH,IMPULSE_FADE_RECLAIM_SHORT_V1,REJECT,FAIL,UNSTABLE,REVIEW,PASS,PASS,FAIL,14,14,0,0,14,0.6428571428571429,0.00020648393744779052,14,0.000206,0.000261,EXPIRY:1;STOP:5;TARGET:8,LIVE_BUT_UNSTABLE,robustness_status=UNSTABLE
2026-04-03_to_2026-04-03_run_001,2026-04-03_to_2026-04-03_run_001_routine_20260410,derived_run_0001_ruleset_report_direction_long_v1_long_base,ALL_TRADES,,,,,REJECT,FAIL,UNSTABLE,FAIL,NOT_EVALUATED,NOT_EVALUATED,NOT_EVALUATED,0,0,0,0,0,,,0,,,,DEAD_REJECT,trade_count=0
2026-04-03_to_2026-04-03_run_001,2026-04-03_to_2026-04-03_run_001_routine_20260410,derived_run_0001_ruleset_report_direction_long_v1_long_base,RESOLVED_ONLY,,,,,REJECT,FAIL,UNSTABLE,FAIL,NOT_EVALUATED,NOT_EVALUATED,NOT_EVALUATED,0,0,0,0,0,,,0,,,,NO_RESOLVED_TRADES,RESOLVED_ONLY scope has no closed/resolved trades
2026-04-03_to_2026-04-03_run_001,2026-04-03_to_2026-04-03_run_001_routine_20260410,derived_run_0002_ruleset_report_setuptype_impulse_fade_reclaim_lo,ALL_TRADES,,,,,REJECT,FAIL,UNSTABLE,REVIEW,FAIL,PASS,FAIL,10,10,0,10,0,0.3,-9.243812989846248e-05,10,-0.000092,-0.000040,STOP:7;TARGET:3,LIVE_BUT_NEGATIVE,negative mean trade_return_pct
2026-04-03_to_2026-04-03_run_001,2026-04-03_to_2026-04-03_run_001_routine_20260410,derived_run_0002_ruleset_report_setuptype_impulse_fade_reclaim_lo,RESOLVED_ONLY,,,,,REJECT,FAIL,UNSTABLE,REVIEW,FAIL,PASS,FAIL,10,10,0,10,0,0.3,-9.243812989846248e-05,10,-0.000092,-0.000040,STOP:7;TARGET:3,LIVE_BUT_NEGATIVE,negative mean trade_return_pct
2026-04-03_to_2026-04-03_run_001,2026-04-03_to_2026-04-03_run_001_routine_20260410,derived_run_0002_ruleset_report_setuptype_impulse_fade_reclaim_lo,RULESET_REPORT_SETUPTYPE_IMPULSE_FADE_RECLAIM_LONG_V1_V1_BOTH_BASE,RULESET_REPORT_SETUPTYPE_IMPULSE_FADE_RECLAIM_LONG_V1_V1_BOTH_BASE,report|SetupType|IMPULSE_FADE_RECLAIM_LONG_V1,BOTH,IMPULSE_FADE_RECLAIM_LONG_V1,REJECT,FAIL,UNSTABLE,REVIEW,FAIL,PASS,FAIL,10,10,0,10,0,0.3,-9.243812989846248e-05,10,-0.000092,-0.000040,STOP:7;TARGET:3,LIVE_BUT_NEGATIVE,negative mean trade_return_pct
2026-04-04_to_2026-04-04_run_001,2026-04-04_to_2026-04-04_run_001_routine_20260410,derived_run_0001_ruleset_report_direction_long_v1_long_base,ALL_TRADES,,,,,REJECT,FAIL,UNSTABLE,FAIL,NOT_EVALUATED,NOT_EVALUATED,NOT_EVALUATED,0,0,0,0,0,,,0,,,,DEAD_REJECT,trade_count=0
2026-04-04_to_2026-04-04_run_001,2026-04-04_to_2026-04-04_run_001_routine_20260410,derived_run_0001_ruleset_report_direction_long_v1_long_base,RESOLVED_ONLY,,,,,REJECT,FAIL,UNSTABLE,FAIL,NOT_EVALUATED,NOT_EVALUATED,NOT_EVALUATED,0,0,0,0,0,,,0,,,,NO_RESOLVED_TRADES,RESOLVED_ONLY scope has no closed/resolved trades
2026-04-04_to_2026-04-04_run_001,2026-04-04_to_2026-04-04_run_001_routine_20260410,derived_run_0002_ruleset_report_setuptype_impulse_fade_reclaim_lo,ALL_TRADES,,,,,REJECT,FAIL,UNSTABLE,REVIEW,PASS,PASS,FAIL,15,15,0,15,0,0.6666666666666666,4.1707789123776366e-05,15,0.000042,0.000055,STOP:5;TARGET:10,LIVE_BUT_UNSTABLE,robustness_status=UNSTABLE
2026-04-04_to_2026-04-04_run_001,2026-04-04_to_2026-04-04_run_001_routine_20260410,derived_run_0002_ruleset_report_setuptype_impulse_fade_reclaim_lo,RESOLVED_ONLY,,,,,REJECT,FAIL,UNSTABLE,REVIEW,PASS,PASS,FAIL,15,15,0,15,0,0.6666666666666666,4.1707789123776366e-05,15,0.000042,0.000055,STOP:5;TARGET:10,LIVE_BUT_UNSTABLE,robustness_status=UNSTABLE
2026-04-04_to_2026-04-04_run_001,2026-04-04_to_2026-04-04_run_001_routine_20260410,derived_run_0002_ruleset_report_setuptype_impulse_fade_reclaim_lo,RULESET_REPORT_SETUPTYPE_IMPULSE_FADE_RECLAIM_LONG_V1_V1_BOTH_BASE,RULESET_REPORT_SETUPTYPE_IMPULSE_FADE_RECLAIM_LONG_V1_V1_BOTH_BASE,report|SetupType|IMPULSE_FADE_RECLAIM_LONG_V1,BOTH,IMPULSE_FADE_RECLAIM_LONG_V1,REJECT,FAIL,UNSTABLE,REVIEW,PASS,PASS,FAIL,15,15,0,15,0,0.6666666666666666,4.1707789123776366e-05,15,0.000042,0.000055,STOP:5;TARGET:10,LIVE_BUT_UNSTABLE,robustness_status=UNSTABLE
2026-04-05_to_2026-04-05_run_001,2026-04-05_to_2026-04-05_run_001_routine_20260410,derived_run_0001_ruleset_report_direction_long_v1_long_base,ALL_TRADES,,,,,REJECT,FAIL,UNSTABLE,FAIL,NOT_EVALUATED,NOT_EVALUATED,NOT_EVALUATED,0,0,0,0,0,,,0,,,,DEAD_REJECT,trade_count=0
2026-04-05_to_2026-04-05_run_001,2026-04-05_to_2026-04-05_run_001_routine_20260410,derived_run_0001_ruleset_report_direction_long_v1_long_base,RESOLVED_ONLY,,,,,REJECT,FAIL,UNSTABLE,FAIL,NOT_EVALUATED,NOT_EVALUATED,NOT_EVALUATED,0,0,0,0,0,,,0,,,,NO_RESOLVED_TRADES,RESOLVED_ONLY scope has no closed/resolved trades
2026-04-05_to_2026-04-05_run_001,2026-04-05_to_2026-04-05_run_001_routine_20260410,derived_run_0002_ruleset_report_setuptype_impulse_fade_reclaim_lo,ALL_TRADES,,,,,REJECT,FAIL,UNSTABLE,REVIEW,PASS,PASS,FAIL,14,13,1,14,0,0.5384615384615384,0.0001058461274715819,13,0.000106,0.000019,STOP:6;TARGET:7;UNRESOLVED:1,LIVE_BUT_UNSTABLE,robustness_status=UNSTABLE
2026-04-05_to_2026-04-05_run_001,2026-04-05_to_2026-04-05_run_001_routine_20260410,derived_run_0002_ruleset_report_setuptype_impulse_fade_reclaim_lo,RESOLVED_ONLY,,,,,REJECT,FAIL,UNSTABLE,REVIEW,PASS,PASS,FAIL,13,13,0,13,0,0.5384615384615384,0.0001058461274715819,13,0.000106,0.000019,STOP:6;TARGET:7,LIVE_BUT_UNSTABLE,robustness_status=UNSTABLE
2026-04-05_to_2026-04-05_run_001,2026-04-05_to_2026-04-05_run_001_routine_20260410,derived_run_0002_ruleset_report_setuptype_impulse_fade_reclaim_lo,RULESET_REPORT_SETUPTYPE_IMPULSE_FADE_RECLAIM_LONG_V1_V1_BOTH_BASE,RULESET_REPORT_SETUPTYPE_IMPULSE_FADE_RECLAIM_LONG_V1_V1_BOTH_BASE,report|SetupType|IMPULSE_FADE_RECLAIM_LONG_V1,BOTH,IMPULSE_FADE_RECLAIM_LONG_V1,REJECT,FAIL,UNSTABLE,REVIEW,PASS,PASS,FAIL,14,13,1,14,0,0.5384615384615384,0.0001058461274715819,13,0.000106,0.000019,STOP:6;TARGET:7;UNRESOLVED:1,LIVE_BUT_UNSTABLE,robustness_status=UNSTABLE
2026-04-06_to_2026-04-06_run_001,2026-04-06_to_2026-04-06_run_001_routine_20260410,derived_run_0001_ruleset_report_direction_short_v1_short_base,ALL_TRADES,,,,,REJECT,FAIL,UNSTABLE,FAIL,NOT_EVALUATED,NOT_EVALUATED,NOT_EVALUATED,0,0,0,0,0,,,0,,,,DEAD_REJECT,trade_count=0
2026-04-06_to_2026-04-06_run_001,2026-04-06_to_2026-04-06_run_001_routine_20260410,derived_run_0001_ruleset_report_direction_short_v1_short_base,RESOLVED_ONLY,,,,,REJECT,FAIL,UNSTABLE,FAIL,NOT_EVALUATED,NOT_EVALUATED,NOT_EVALUATED,0,0,0,0,0,,,0,,,,NO_RESOLVED_TRADES,RESOLVED_ONLY scope has no closed/resolved trades
2026-04-06_to_2026-04-06_run_001,2026-04-06_to_2026-04-06_run_001_routine_20260410,derived_run_0002_ruleset_report_setuptype_impulse_fade_reclaim_sh,ALL_TRADES,,,,,REJECT,FAIL,FRAGILE,REVIEW,FAIL,PASS,FAIL,14,14,0,0,14,0.21428571428571427,-0.0001522839276812744,14,-0.000152,-0.000155,EXPIRY:1;STOP:10;TARGET:3,LIVE_BUT_NEGATIVE,negative mean trade_return_pct
2026-04-06_to_2026-04-06_run_001,2026-04-06_to_2026-04-06_run_001_routine_20260410,derived_run_0002_ruleset_report_setuptype_impulse_fade_reclaim_sh,RESOLVED_ONLY,,,,,REJECT,FAIL,FRAGILE,REVIEW,FAIL,PASS,FAIL,14,14,0,0,14,0.21428571428571427,-0.0001522839276812744,14,-0.000152,-0.000155,EXPIRY:1;STOP:10;TARGET:3,LIVE_BUT_NEGATIVE,negative mean trade_return_pct
2026-04-06_to_2026-04-06_run_001,2026-04-06_to_2026-04-06_run_001_routine_20260410,derived_run_0002_ruleset_report_setuptype_impulse_fade_reclaim_sh,RULESET_REPORT_SETUPTYPE_IMPULSE_FADE_RECLAIM_SHORT_V1_V1_BOTH_BASE,RULESET_REPORT_SETUPTYPE_IMPULSE_FADE_RECLAIM_SHORT_V1_V1_BOTH_BASE,report|SetupType|IMPULSE_FADE_RECLAIM_SHORT_V1,BOTH,IMPULSE_FADE_RECLAIM_SHORT_V1,REJECT,FAIL,FRAGILE,REVIEW,FAIL,PASS,FAIL,14,14,0,0,14,0.21428571428571427,-0.0001522839276812744,14,-0.000152,-0.000155,EXPIRY:1;STOP:10;TARGET:3,LIVE_BUT_NEGATIVE,negative mean trade_return_pct
2026-04-07_to_2026-04-07_run_001,2026-04-07_to_2026-04-07_run_001_routine_20260410,derived_run_0001_ruleset_report_direction_short_v1_short_base,ALL_TRADES,,,,,REJECT,FAIL,UNSTABLE,FAIL,NOT_EVALUATED,NOT_EVALUATED,NOT_EVALUATED,0,0,0,0,0,,,0,,,,DEAD_REJECT,trade_count=0
2026-04-07_to_2026-04-07_run_001,2026-04-07_to_2026-04-07_run_001_routine_20260410,derived_run_0001_ruleset_report_direction_short_v1_short_base,RESOLVED_ONLY,,,,,REJECT,FAIL,UNSTABLE,FAIL,NOT_EVALUATED,NOT_EVALUATED,NOT_EVALUATED,0,0,0,0,0,,,0,,,,NO_RESOLVED_TRADES,RESOLVED_ONLY scope has no closed/resolved trades
2026-04-07_to_2026-04-07_run_001,2026-04-07_to_2026-04-07_run_001_routine_20260410,derived_run_0002_ruleset_report_setuptype_impulse_fade_reclaim_lo,ALL_TRADES,,,,,REJECT,FAIL,ROBUST,REVIEW,PASS,PASS,FAIL,13,13,0,13,0,0.5384615384615384,0.000151309380427328,13,0.000151,0.000114,STOP:6;TARGET:7,VALIDATION_GATE_FAIL,source_concentration_status=FAIL
2026-04-07_to_2026-04-07_run_001,2026-04-07_to_2026-04-07_run_001_routine_20260410,derived_run_0002_ruleset_report_setuptype_impulse_fade_reclaim_lo,RESOLVED_ONLY,,,,,REJECT,FAIL,ROBUST,REVIEW,PASS,PASS,FAIL,13,13,0,13,0,0.5384615384615384,0.000151309380427328,13,0.000151,0.000114,STOP:6;TARGET:7,VALIDATION_GATE_FAIL,source_concentration_status=FAIL
2026-04-07_to_2026-04-07_run_001,2026-04-07_to_2026-04-07_run_001_routine_20260410,derived_run_0002_ruleset_report_setuptype_impulse_fade_reclaim_lo,RULESET_REPORT_SETUPTYPE_IMPULSE_FADE_RECLAIM_LONG_V1_V1_BOTH_BASE,RULESET_REPORT_SETUPTYPE_IMPULSE_FADE_RECLAIM_LONG_V1_V1_BOTH_BASE,report|SetupType|IMPULSE_FADE_RECLAIM_LONG_V1,BOTH,IMPULSE_FADE_RECLAIM_LONG_V1,REJECT,FAIL,ROBUST,REVIEW,PASS,PASS,FAIL,13,13,0,13,0,0.5384615384615384,0.000151309380427328,13,0.000151,0.000114,STOP:6;TARGET:7,VALIDATION_GATE_FAIL,source_concentration_status=FAIL
2026-04-07_to_2026-04-07_run_001,2026-04-07_to_2026-04-07_run_001_routine_20260410,derived_run_0003_ruleset_report_setuptype_impulse_fade_reclaim_sh,ALL_TRADES,,,,,REJECT,FAIL,FRAGILE,REVIEW,PASS,PASS,FAIL,19,19,0,0,19,0.5263157894736842,1.3019750941757196e-05,19,0.000013,0.000045,STOP:9;TARGET:10,LIVE_BUT_UNSTABLE,robustness_status=FRAGILE
2026-04-07_to_2026-04-07_run_001,2026-04-07_to_2026-04-07_run_001_routine_20260410,derived_run_0003_ruleset_report_setuptype_impulse_fade_reclaim_sh,RESOLVED_ONLY,,,,,REJECT,FAIL,FRAGILE,REVIEW,PASS,PASS,FAIL,19,19,0,0,19,0.5263157894736842,1.3019750941757196e-05,19,0.000013,0.000045,STOP:9;TARGET:10,LIVE_BUT_UNSTABLE,robustness_status=FRAGILE
2026-04-07_to_2026-04-07_run_001,2026-04-07_to_2026-04-07_run_001_routine_20260410,derived_run_0003_ruleset_report_setuptype_impulse_fade_reclaim_sh,RULESET_REPORT_SETUPTYPE_IMPULSE_FADE_RECLAIM_SHORT_V1_V1_BOTH_BASE,RULESET_REPORT_SETUPTYPE_IMPULSE_FADE_RECLAIM_SHORT_V1_V1_BOTH_BASE,report|SetupType|IMPULSE_FADE_RECLAIM_SHORT_V1,BOTH,IMPULSE_FADE_RECLAIM_SHORT_V1,REJECT,FAIL,FRAGILE,REVIEW,PASS,PASS,FAIL,19,19,0,0,19,0.5263157894736842,1.3019750941757196e-05,19,0.000013,0.000045,STOP:9;TARGET:10,LIVE_BUT_UNSTABLE,robustness_status=FRAGILE
2026-04-08_to_2026-04-08_run_001,2026-04-08_to_2026-04-08_run_001_routine_20260410,derived_run_0001_ruleset_report_direction_long_v1_long_base,ALL_TRADES,,,,,REJECT,FAIL,UNSTABLE,FAIL,NOT_EVALUATED,NOT_EVALUATED,NOT_EVALUATED,0,0,0,0,0,,,0,,,,DEAD_REJECT,trade_count=0
2026-04-08_to_2026-04-08_run_001,2026-04-08_to_2026-04-08_run_001_routine_20260410,derived_run_0001_ruleset_report_direction_long_v1_long_base,RESOLVED_ONLY,,,,,REJECT,FAIL,UNSTABLE,FAIL,NOT_EVALUATED,NOT_EVALUATED,NOT_EVALUATED,0,0,0,0,0,,,0,,,,NO_RESOLVED_TRADES,RESOLVED_ONLY scope has no closed/resolved trades
2026-04-08_to_2026-04-08_run_001,2026-04-08_to_2026-04-08_run_001_routine_20260410,derived_run_0002_ruleset_report_setuptype_impulse_fade_reclaim_lo,ALL_TRADES,,,,,REJECT,FAIL,FRAGILE,REVIEW,PASS,PASS,FAIL,10,10,0,10,0,0.5,0.0001488285765984484,10,0.000149,0.000025,STOP:5;TARGET:5,LIVE_BUT_UNSTABLE,robustness_status=FRAGILE
2026-04-08_to_2026-04-08_run_001,2026-04-08_to_2026-04-08_run_001_routine_20260410,derived_run_0002_ruleset_report_setuptype_impulse_fade_reclaim_lo,RESOLVED_ONLY,,,,,REJECT,FAIL,FRAGILE,REVIEW,PASS,PASS,FAIL,10,10,0,10,0,0.5,0.0001488285765984484,10,0.000149,0.000025,STOP:5;TARGET:5,LIVE_BUT_UNSTABLE,robustness_status=FRAGILE
2026-04-08_to_2026-04-08_run_001,2026-04-08_to_2026-04-08_run_001_routine_20260410,derived_run_0002_ruleset_report_setuptype_impulse_fade_reclaim_lo,RULESET_REPORT_SETUPTYPE_IMPULSE_FADE_RECLAIM_LONG_V1_V1_BOTH_BASE,RULESET_REPORT_SETUPTYPE_IMPULSE_FADE_RECLAIM_LONG_V1_V1_BOTH_BASE,report|SetupType|IMPULSE_FADE_RECLAIM_LONG_V1,BOTH,IMPULSE_FADE_RECLAIM_LONG_V1,REJECT,FAIL,FRAGILE,REVIEW,PASS,PASS,FAIL,10,10,0,10,0,0.5,0.0001488285765984484,10,0.000149,0.000025,STOP:5;TARGET:5,LIVE_BUT_UNSTABLE,robustness_status=FRAGILE
2026-04-09_to_2026-04-09_run_001,2026-04-09_to_2026-04-09_run_001_routine_20260410,derived_run_0001_ruleset_report_direction_short_v1_short_base,ALL_TRADES,,,,,REJECT,FAIL,UNSTABLE,FAIL,NOT_EVALUATED,NOT_EVALUATED,NOT_EVALUATED,0,0,0,0,0,,,0,,,,DEAD_REJECT,trade_count=0
2026-04-09_to_2026-04-09_run_001,2026-04-09_to_2026-04-09_run_001_routine_20260410,derived_run_0001_ruleset_report_direction_short_v1_short_base,RESOLVED_ONLY,,,,,REJECT,FAIL,UNSTABLE,FAIL,NOT_EVALUATED,NOT_EVALUATED,NOT_EVALUATED,0,0,0,0,0,,,0,,,,NO_RESOLVED_TRADES,RESOLVED_ONLY scope has no closed/resolved trades
2026-04-09_to_2026-04-09_run_001,2026-04-09_to_2026-04-09_run_001_routine_20260410,derived_run_0002_ruleset_report_setuptype_impulse_fade_reclaim_sh,ALL_TRADES,,,,,REJECT,FAIL,UNSTABLE,REVIEW,FAIL,PASS,FAIL,11,11,0,0,11,0.5454545454545454,-4.7688959121155186e-05,11,-0.000048,0.000061,EXPIRY:1;STOP:5;TARGET:5,LIVE_BUT_NEGATIVE,negative mean trade_return_pct
2026-04-09_to_2026-04-09_run_001,2026-04-09_to_2026-04-09_run_001_routine_20260410,derived_run_0002_ruleset_report_setuptype_impulse_fade_reclaim_sh,RESOLVED_ONLY,,,,,REJECT,FAIL,UNSTABLE,REVIEW,FAIL,PASS,FAIL,11,11,0,0,11,0.5454545454545454,-4.7688959121155186e-05,11,-0.000048,0.000061,EXPIRY:1;STOP:5;TARGET:5,LIVE_BUT_NEGATIVE,negative mean trade_return_pct
2026-04-09_to_2026-04-09_run_001,2026-04-09_to_2026-04-09_run_001_routine_20260410,derived_run_0002_ruleset_report_setuptype_impulse_fade_reclaim_sh,RULESET_REPORT_SETUPTYPE_IMPULSE_FADE_RECLAIM_SHORT_V1_V1_BOTH_BASE,RULESET_REPORT_SETUPTYPE_IMPULSE_FADE_RECLAIM_SHORT_V1_V1_BOTH_BASE,report|SetupType|IMPULSE_FADE_RECLAIM_SHORT_V1,BOTH,IMPULSE_FADE_RECLAIM_SHORT_V1,REJECT,FAIL,UNSTABLE,REVIEW,FAIL,PASS,FAIL,11,11,0,0,11,0.5454545454545454,-4.7688959121155186e-05,11,-0.000048,0.000061,EXPIRY:1;STOP:5;TARGET:5,LIVE_BUT_NEGATIVE,negative mean trade_return_pct
2026-04-09_to_2026-04-09_run_002,2026-04-09_to_2026-04-09_run_002_routine_20260410,derived_run_0001_ruleset_report_direction_short_v1_short_base,ALL_TRADES,,,,,REJECT,FAIL,UNSTABLE,FAIL,NOT_EVALUATED,NOT_EVALUATED,NOT_EVALUATED,0,0,0,0,0,,,0,,,,DEAD_REJECT,trade_count=0
2026-04-09_to_2026-04-09_run_002,2026-04-09_to_2026-04-09_run_002_routine_20260410,derived_run_0001_ruleset_report_direction_short_v1_short_base,RESOLVED_ONLY,,,,,REJECT,FAIL,UNSTABLE,FAIL,NOT_EVALUATED,NOT_EVALUATED,NOT_EVALUATED,0,0,0,0,0,,,0,,,,NO_RESOLVED_TRADES,RESOLVED_ONLY scope has no closed/resolved trades
2026-04-09_to_2026-04-09_run_002,2026-04-09_to_2026-04-09_run_002_routine_20260410,derived_run_0002_ruleset_report_setuptype_impulse_fade_reclaim_sh,ALL_TRADES,,,,,REJECT,FAIL,UNSTABLE,REVIEW,FAIL,PASS,FAIL,11,11,0,0,11,0.5454545454545454,-4.7688959121155186e-05,11,-0.000048,0.000061,EXPIRY:1;STOP:5;TARGET:5,LIVE_BUT_NEGATIVE,negative mean trade_return_pct
2026-04-09_to_2026-04-09_run_002,2026-04-09_to_2026-04-09_run_002_routine_20260410,derived_run_0002_ruleset_report_setuptype_impulse_fade_reclaim_sh,RESOLVED_ONLY,,,,,REJECT,FAIL,UNSTABLE,REVIEW,FAIL,PASS,FAIL,11,11,0,0,11,0.5454545454545454,-4.7688959121155186e-05,11,-0.000048,0.000061,EXPIRY:1;STOP:5;TARGET:5,LIVE_BUT_NEGATIVE,negative mean trade_return_pct
2026-04-09_to_2026-04-09_run_002,2026-04-09_to_2026-04-09_run_002_routine_20260410,derived_run_0002_ruleset_report_setuptype_impulse_fade_reclaim_sh,RULESET_REPORT_SETUPTYPE_IMPULSE_FADE_RECLAIM_SHORT_V1_V1_BOTH_BASE,RULESET_REPORT_SETUPTYPE_IMPULSE_FADE_RECLAIM_SHORT_V1_V1_BOTH_BASE,report|SetupType|IMPULSE_FADE_RECLAIM_SHORT_V1,BOTH,IMPULSE_FADE_RECLAIM_SHORT_V1,REJECT,FAIL,UNSTABLE,REVIEW,FAIL,PASS,FAIL,11,11,0,0,11,0.5454545454545454,-4.7688959121155186e-05,11,-0.000048,0.000061,EXPIRY:1;STOP:5;TARGET:5,LIVE_BUT_NEGATIVE,negative mean trade_return_pct
2026-04-09_to_2026-04-09_run_003,2026-04-09_to_2026-04-09_run_003_routine_20260410,derived_run_0001_ruleset_report_direction_short_v1_short_base,ALL_TRADES,,,,,REJECT,FAIL,UNSTABLE,FAIL,NOT_EVALUATED,NOT_EVALUATED,NOT_EVALUATED,0,0,0,0,0,,,0,,,,DEAD_REJECT,trade_count=0
2026-04-09_to_2026-04-09_run_003,2026-04-09_to_2026-04-09_run_003_routine_20260410,derived_run_0001_ruleset_report_direction_short_v1_short_base,RESOLVED_ONLY,,,,,REJECT,FAIL,UNSTABLE,FAIL,NOT_EVALUATED,NOT_EVALUATED,NOT_EVALUATED,0,0,0,0,0,,,0,,,,NO_RESOLVED_TRADES,RESOLVED_ONLY scope has no closed/resolved trades
2026-04-09_to_2026-04-09_run_003,2026-04-09_to_2026-04-09_run_003_routine_20260410,derived_run_0002_ruleset_report_setuptype_impulse_fade_reclaim_sh,ALL_TRADES,,,,,REJECT,FAIL,UNSTABLE,REVIEW,FAIL,PASS,FAIL,11,11,0,0,11,0.5454545454545454,-4.7688959121155186e-05,11,-0.000048,0.000061,EXPIRY:1;STOP:5;TARGET:5,LIVE_BUT_NEGATIVE,negative mean trade_return_pct
2026-04-09_to_2026-04-09_run_003,2026-04-09_to_2026-04-09_run_003_routine_20260410,derived_run_0002_ruleset_report_setuptype_impulse_fade_reclaim_sh,RESOLVED_ONLY,,,,,REJECT,FAIL,UNSTABLE,REVIEW,FAIL,PASS,FAIL,11,11,0,0,11,0.5454545454545454,-4.7688959121155186e-05,11,-0.000048,0.000061,EXPIRY:1;STOP:5;TARGET:5,LIVE_BUT_NEGATIVE,negative mean trade_return_pct
2026-04-09_to_2026-04-09_run_003,2026-04-09_to_2026-04-09_run_003_routine_20260410,derived_run_0002_ruleset_report_setuptype_impulse_fade_reclaim_sh,RULESET_REPORT_SETUPTYPE_IMPULSE_FADE_RECLAIM_SHORT_V1_V1_BOTH_BASE,RULESET_REPORT_SETUPTYPE_IMPULSE_FADE_RECLAIM_SHORT_V1_V1_BOTH_BASE,report|SetupType|IMPULSE_FADE_RECLAIM_SHORT_V1,BOTH,IMPULSE_FADE_RECLAIM_SHORT_V1,REJECT,FAIL,UNSTABLE,REVIEW,FAIL,PASS,FAIL,11,11,0,0,11,0.5454545454545454,-4.7688959121155186e-05,11,-0.000048,0.000061,EXPIRY:1;STOP:5;TARGET:5,LIVE_BUT_NEGATIVE,negative mean trade_return_pct
2026-04-10_to_2026-04-10_run_001,2026-04-10_to_2026-04-10_run_001_routine_20260503,derived_run_0001_ruleset_report_direction_short_v1_short_base,ALL_TRADES,,,,,REJECT,FAIL,UNSTABLE,FAIL,NOT_EVALUATED,NOT_EVALUATED,NOT_EVALUATED,0,0,0,0,0,,,0,,,,DEAD_REJECT,trade_count=0
2026-04-10_to_2026-04-10_run_001,2026-04-10_to_2026-04-10_run_001_routine_20260503,derived_run_0001_ruleset_report_direction_short_v1_short_base,RESOLVED_ONLY,,,,,REJECT,FAIL,UNSTABLE,FAIL,NOT_EVALUATED,NOT_EVALUATED,NOT_EVALUATED,0,0,0,0,0,,,0,,,,NO_RESOLVED_TRADES,RESOLVED_ONLY scope has no closed/resolved trades
2026-04-10_to_2026-04-10_run_001,2026-04-10_to_2026-04-10_run_001_routine_20260503,derived_run_0002_ruleset_report_setuptype_impulse_fade_reclaim_lo,ALL_TRADES,,,,,REJECT,FAIL,UNSTABLE,REVIEW,FAIL,PASS,FAIL,7,7,0,7,0,0.14285714285714285,-0.000352635485025351,7,-0.000353,-0.000325,STOP:6;TARGET:1,LIVE_BUT_NEGATIVE,negative mean trade_return_pct
2026-04-10_to_2026-04-10_run_001,2026-04-10_to_2026-04-10_run_001_routine_20260503,derived_run_0002_ruleset_report_setuptype_impulse_fade_reclaim_lo,RESOLVED_ONLY,,,,,REJECT,FAIL,UNSTABLE,REVIEW,FAIL,PASS,FAIL,7,7,0,7,0,0.14285714285714285,-0.000352635485025351,7,-0.000353,-0.000325,STOP:6;TARGET:1,LIVE_BUT_NEGATIVE,negative mean trade_return_pct
2026-04-10_to_2026-04-10_run_001,2026-04-10_to_2026-04-10_run_001_routine_20260503,derived_run_0002_ruleset_report_setuptype_impulse_fade_reclaim_lo,RULESET_REPORT_SETUPTYPE_IMPULSE_FADE_RECLAIM_LONG_V1_V1_BOTH_BASE,RULESET_REPORT_SETUPTYPE_IMPULSE_FADE_RECLAIM_LONG_V1_V1_BOTH_BASE,report|SetupType|IMPULSE_FADE_RECLAIM_LONG_V1,BOTH,IMPULSE_FADE_RECLAIM_LONG_V1,REJECT,FAIL,UNSTABLE,REVIEW,FAIL,PASS,FAIL,7,7,0,7,0,0.14285714285714285,-0.000352635485025351,7,-0.000353,-0.000325,STOP:6;TARGET:1,LIVE_BUT_NEGATIVE,negative mean trade_return_pct
2026-04-10_to_2026-04-10_run_001,2026-04-10_to_2026-04-10_run_001_routine_20260503,derived_run_0003_ruleset_report_setuptype_impulse_fade_reclaim_sh,ALL_TRADES,,,,,REJECT,FAIL,FRAGILE,PASS,FAIL,PASS,FAIL,20,20,0,0,20,0.5,-2.2913686402643846e-05,20,-0.000023,-0.000041,STOP:10;TARGET:10,LIVE_BUT_NEGATIVE,negative mean trade_return_pct
2026-04-10_to_2026-04-10_run_001,2026-04-10_to_2026-04-10_run_001_routine_20260503,derived_run_0003_ruleset_report_setuptype_impulse_fade_reclaim_sh,RESOLVED_ONLY,,,,,REJECT,FAIL,FRAGILE,PASS,FAIL,PASS,FAIL,20,20,0,0,20,0.5,-2.2913686402643846e-05,20,-0.000023,-0.000041,STOP:10;TARGET:10,LIVE_BUT_NEGATIVE,negative mean trade_return_pct
2026-04-10_to_2026-04-10_run_001,2026-04-10_to_2026-04-10_run_001_routine_20260503,derived_run_0003_ruleset_report_setuptype_impulse_fade_reclaim_sh,RULESET_REPORT_SETUPTYPE_IMPULSE_FADE_RECLAIM_SHORT_V1_V1_BOTH_BASE,RULESET_REPORT_SETUPTYPE_IMPULSE_FADE_RECLAIM_SHORT_V1_V1_BOTH_BASE,report|SetupType|IMPULSE_FADE_RECLAIM_SHORT_V1,BOTH,IMPULSE_FADE_RECLAIM_SHORT_V1,REJECT,FAIL,FRAGILE,PASS,FAIL,PASS,FAIL,20,20,0,0,20,0.5,-2.2913686402643846e-05,20,-0.000023,-0.000041,STOP:10;TARGET:10,LIVE_BUT_NEGATIVE,negative mean trade_return_pct
2026-04-11_to_2026-04-11_run_001,2026-04-11_to_2026-04-11_run_001_routine_20260503,derived_run_0001_ruleset_report_direction_long_v1_long_base,ALL_TRADES,,,,,REJECT,FAIL,UNSTABLE,FAIL,NOT_EVALUATED,NOT_EVALUATED,NOT_EVALUATED,0,0,0,0,0,,,0,,,,DEAD_REJECT,trade_count=0
2026-04-11_to_2026-04-11_run_001,2026-04-11_to_2026-04-11_run_001_routine_20260503,derived_run_0001_ruleset_report_direction_long_v1_long_base,RESOLVED_ONLY,,,,,REJECT,FAIL,UNSTABLE,FAIL,NOT_EVALUATED,NOT_EVALUATED,NOT_EVALUATED,0,0,0,0,0,,,0,,,,NO_RESOLVED_TRADES,RESOLVED_ONLY scope has no closed/resolved trades
2026-04-11_to_2026-04-11_run_001,2026-04-11_to_2026-04-11_run_001_routine_20260503,derived_run_0002_ruleset_report_setuptype_impulse_fade_reclaim_lo,ALL_TRADES,,,,,REJECT,FAIL,UNSTABLE,REVIEW,FAIL,PASS,FAIL,16,16,0,16,0,0.4375,-1.806697322934065e-06,16,-0.000002,-0.000063,EXPIRY:1;STOP:9;TARGET:6,LIVE_BUT_NEGATIVE,negative mean trade_return_pct
2026-04-11_to_2026-04-11_run_001,2026-04-11_to_2026-04-11_run_001_routine_20260503,derived_run_0002_ruleset_report_setuptype_impulse_fade_reclaim_lo,RESOLVED_ONLY,,,,,REJECT,FAIL,UNSTABLE,REVIEW,FAIL,PASS,FAIL,16,16,0,16,0,0.4375,-1.806697322934065e-06,16,-0.000002,-0.000063,EXPIRY:1;STOP:9;TARGET:6,LIVE_BUT_NEGATIVE,negative mean trade_return_pct
2026-04-11_to_2026-04-11_run_001,2026-04-11_to_2026-04-11_run_001_routine_20260503,derived_run_0002_ruleset_report_setuptype_impulse_fade_reclaim_lo,RULESET_REPORT_SETUPTYPE_IMPULSE_FADE_RECLAIM_LONG_V1_V1_BOTH_BASE,RULESET_REPORT_SETUPTYPE_IMPULSE_FADE_RECLAIM_LONG_V1_V1_BOTH_BASE,report|SetupType|IMPULSE_FADE_RECLAIM_LONG_V1,BOTH,IMPULSE_FADE_RECLAIM_LONG_V1,REJECT,FAIL,UNSTABLE,REVIEW,FAIL,PASS,FAIL,16,16,0,16,0,0.4375,-1.806697322934065e-06,16,-0.000002,-0.000063,EXPIRY:1;STOP:9;TARGET:6,LIVE_BUT_NEGATIVE,negative mean trade_return_pct
2026-04-12_to_2026-04-12_run_001,2026-04-12_to_2026-04-12_run_001_routine_20260503,derived_run_0001_ruleset_report_direction_short_v1_short_base,ALL_TRADES,,,,,REJECT,FAIL,UNSTABLE,FAIL,NOT_EVALUATED,NOT_EVALUATED,NOT_EVALUATED,0,0,0,0,0,,,0,,,,DEAD_REJECT,trade_count=0
2026-04-12_to_2026-04-12_run_001,2026-04-12_to_2026-04-12_run_001_routine_20260503,derived_run_0001_ruleset_report_direction_short_v1_short_base,RESOLVED_ONLY,,,,,REJECT,FAIL,UNSTABLE,FAIL,NOT_EVALUATED,NOT_EVALUATED,NOT_EVALUATED,0,0,0,0,0,,,0,,,,NO_RESOLVED_TRADES,RESOLVED_ONLY scope has no closed/resolved trades
2026-04-12_to_2026-04-12_run_001,2026-04-12_to_2026-04-12_run_001_routine_20260503,derived_run_0002_ruleset_report_setuptype_impulse_fade_reclaim_sh,ALL_TRADES,,,,,REJECT,FAIL,FRAGILE,PASS,PASS,PASS,FAIL,22,22,0,0,22,0.2727272727272727,3.76958242920559e-05,22,0.000038,-0.000095,EXPIRY:2;STOP:15;TARGET:5,LIVE_BUT_UNSTABLE,robustness_status=FRAGILE
2026-04-12_to_2026-04-12_run_001,2026-04-12_to_2026-04-12_run_001_routine_20260503,derived_run_0002_ruleset_report_setuptype_impulse_fade_reclaim_sh,RESOLVED_ONLY,,,,,REJECT,FAIL,FRAGILE,PASS,PASS,PASS,FAIL,22,22,0,0,22,0.2727272727272727,3.76958242920559e-05,22,0.000038,-0.000095,EXPIRY:2;STOP:15;TARGET:5,LIVE_BUT_UNSTABLE,robustness_status=FRAGILE
2026-04-12_to_2026-04-12_run_001,2026-04-12_to_2026-04-12_run_001_routine_20260503,derived_run_0002_ruleset_report_setuptype_impulse_fade_reclaim_sh,RULESET_REPORT_SETUPTYPE_IMPULSE_FADE_RECLAIM_SHORT_V1_V1_BOTH_BASE,RULESET_REPORT_SETUPTYPE_IMPULSE_FADE_RECLAIM_SHORT_V1_V1_BOTH_BASE,report|SetupType|IMPULSE_FADE_RECLAIM_SHORT_V1,BOTH,IMPULSE_FADE_RECLAIM_SHORT_V1,REJECT,FAIL,FRAGILE,PASS,PASS,PASS,FAIL,22,22,0,0,22,0.2727272727272727,3.76958242920559e-05,22,0.000038,-0.000095,EXPIRY:2;STOP:15;TARGET:5,LIVE_BUT_UNSTABLE,robustness_status=FRAGILE
2026-04-13_to_2026-04-13_run_001,2026-04-13_to_2026-04-13_run_001_routine_20260503,derived_run_0001_ruleset_report_direction_long_v1_long_base,ALL_TRADES,,,,,REJECT,FAIL,UNSTABLE,FAIL,NOT_EVALUATED,NOT_EVALUATED,NOT_EVALUATED,0,0,0,0,0,,,0,,,,DEAD_REJECT,trade_count=0
2026-04-13_to_2026-04-13_run_001,2026-04-13_to_2026-04-13_run_001_routine_20260503,derived_run_0001_ruleset_report_direction_long_v1_long_base,RESOLVED_ONLY,,,,,REJECT,FAIL,UNSTABLE,FAIL,NOT_EVALUATED,NOT_EVALUATED,NOT_EVALUATED,0,0,0,0,0,,,0,,,,NO_RESOLVED_TRADES,RESOLVED_ONLY scope has no closed/resolved trades
2026-04-13_to_2026-04-13_run_001,2026-04-13_to_2026-04-13_run_001_routine_20260503,derived_run_0002_ruleset_report_setuptype_impulse_fade_reclaim_lo,ALL_TRADES,,,,,REJECT,FAIL,ROBUST,REVIEW,PASS,PASS,FAIL,14,14,0,14,0,0.5714285714285714,0.0001756607561979269,14,0.000176,0.000156,STOP:6;TARGET:8,VALIDATION_GATE_FAIL,source_concentration_status=FAIL
2026-04-13_to_2026-04-13_run_001,2026-04-13_to_2026-04-13_run_001_routine_20260503,derived_run_0002_ruleset_report_setuptype_impulse_fade_reclaim_lo,RESOLVED_ONLY,,,,,REJECT,FAIL,ROBUST,REVIEW,PASS,PASS,FAIL,14,14,0,14,0,0.5714285714285714,0.0001756607561979269,14,0.000176,0.000156,STOP:6;TARGET:8,VALIDATION_GATE_FAIL,source_concentration_status=FAIL
2026-04-13_to_2026-04-13_run_001,2026-04-13_to_2026-04-13_run_001_routine_20260503,derived_run_0002_ruleset_report_setuptype_impulse_fade_reclaim_lo,RULESET_REPORT_SETUPTYPE_IMPULSE_FADE_RECLAIM_LONG_V1_V1_BOTH_BASE,RULESET_REPORT_SETUPTYPE_IMPULSE_FADE_RECLAIM_LONG_V1_V1_BOTH_BASE,report|SetupType|IMPULSE_FADE_RECLAIM_LONG_V1,BOTH,IMPULSE_FADE_RECLAIM_LONG_V1,REJECT,FAIL,ROBUST,REVIEW,PASS,PASS,FAIL,14,14,0,14,0,0.5714285714285714,0.0001756607561979269,14,0.000176,0.000156,STOP:6;TARGET:8,VALIDATION_GATE_FAIL,source_concentration_status=FAIL
2026-04-14_to_2026-04-14_run_001,2026-04-14_to_2026-04-14_run_001_routine_20260503,derived_run_0001_ruleset_report_direction_long_v1_long_base,ALL_TRADES,,,,,REJECT,FAIL,UNSTABLE,FAIL,NOT_EVALUATED,NOT_EVALUATED,NOT_EVALUATED,0,0,0,0,0,,,0,,,,DEAD_REJECT,trade_count=0
2026-04-14_to_2026-04-14_run_001,2026-04-14_to_2026-04-14_run_001_routine_20260503,derived_run_0001_ruleset_report_direction_long_v1_long_base,RESOLVED_ONLY,,,,,REJECT,FAIL,UNSTABLE,FAIL,NOT_EVALUATED,NOT_EVALUATED,NOT_EVALUATED,0,0,0,0,0,,,0,,,,NO_RESOLVED_TRADES,RESOLVED_ONLY scope has no closed/resolved trades
2026-04-14_to_2026-04-14_run_001,2026-04-14_to_2026-04-14_run_001_routine_20260503,derived_run_0002_ruleset_report_setuptype_impulse_fade_reclaim_lo,ALL_TRADES,,,,,REJECT,FAIL,FRAGILE,REVIEW,FAIL,PASS,FAIL,13,13,0,13,0,0.38461538461538464,-0.00011616500930792727,13,-0.000116,-0.000178,STOP:8;TARGET:5,LIVE_BUT_NEGATIVE,negative mean trade_return_pct
2026-04-14_to_2026-04-14_run_001,2026-04-14_to_2026-04-14_run_001_routine_20260503,derived_run_0002_ruleset_report_setuptype_impulse_fade_reclaim_lo,RESOLVED_ONLY,,,,,REJECT,FAIL,FRAGILE,REVIEW,FAIL,PASS,FAIL,13,13,0,13,0,0.38461538461538464,-0.00011616500930792727,13,-0.000116,-0.000178,STOP:8;TARGET:5,LIVE_BUT_NEGATIVE,negative mean trade_return_pct
2026-04-14_to_2026-04-14_run_001,2026-04-14_to_2026-04-14_run_001_routine_20260503,derived_run_0002_ruleset_report_setuptype_impulse_fade_reclaim_lo,RULESET_REPORT_SETUPTYPE_IMPULSE_FADE_RECLAIM_LONG_V1_V1_BOTH_BASE,RULESET_REPORT_SETUPTYPE_IMPULSE_FADE_RECLAIM_LONG_V1_V1_BOTH_BASE,report|SetupType|IMPULSE_FADE_RECLAIM_LONG_V1,BOTH,IMPULSE_FADE_RECLAIM_LONG_V1,REJECT,FAIL,FRAGILE,REVIEW,FAIL,PASS,FAIL,13,13,0,13,0,0.38461538461538464,-0.00011616500930792727,13,-0.000116,-0.000178,STOP:8;TARGET:5,LIVE_BUT_NEGATIVE,negative mean trade_return_pct
2026-04-15_to_2026-04-15_run_001,2026-04-15_to_2026-04-15_run_001_routine_20260503,derived_run_0001_ruleset_report_direction_short_v1_short_base,ALL_TRADES,,,,,REJECT,FAIL,UNSTABLE,FAIL,NOT_EVALUATED,NOT_EVALUATED,NOT_EVALUATED,0,0,0,0,0,,,0,,,,DEAD_REJECT,trade_count=0
2026-04-15_to_2026-04-15_run_001,2026-04-15_to_2026-04-15_run_001_routine_20260503,derived_run_0001_ruleset_report_direction_short_v1_short_base,RESOLVED_ONLY,,,,,REJECT,FAIL,UNSTABLE,FAIL,NOT_EVALUATED,NOT_EVALUATED,NOT_EVALUATED,0,0,0,0,0,,,0,,,,NO_RESOLVED_TRADES,RESOLVED_ONLY scope has no closed/resolved trades
2026-04-15_to_2026-04-15_run_001,2026-04-15_to_2026-04-15_run_001_routine_20260503,derived_run_0002_ruleset_report_setuptype_impulse_fade_reclaim_sh,ALL_TRADES,,,,,REJECT,FAIL,FRAGILE,REVIEW,PASS,PASS,FAIL,10,10,0,0,10,0.5,0.0002584694878909785,10,0.000258,0.000020,EXPIRY:2;STOP:4;TARGET:4,LIVE_BUT_UNSTABLE,robustness_status=FRAGILE
2026-04-15_to_2026-04-15_run_001,2026-04-15_to_2026-04-15_run_001_routine_20260503,derived_run_0002_ruleset_report_setuptype_impulse_fade_reclaim_sh,RESOLVED_ONLY,,,,,REJECT,FAIL,FRAGILE,REVIEW,PASS,PASS,FAIL,10,10,0,0,10,0.5,0.0002584694878909785,10,0.000258,0.000020,EXPIRY:2;STOP:4;TARGET:4,LIVE_BUT_UNSTABLE,robustness_status=FRAGILE
2026-04-15_to_2026-04-15_run_001,2026-04-15_to_2026-04-15_run_001_routine_20260503,derived_run_0002_ruleset_report_setuptype_impulse_fade_reclaim_sh,RULESET_REPORT_SETUPTYPE_IMPULSE_FADE_RECLAIM_SHORT_V1_V1_BOTH_BASE,RULESET_REPORT_SETUPTYPE_IMPULSE_FADE_RECLAIM_SHORT_V1_V1_BOTH_BASE,report|SetupType|IMPULSE_FADE_RECLAIM_SHORT_V1,BOTH,IMPULSE_FADE_RECLAIM_SHORT_V1,REJECT,FAIL,FRAGILE,REVIEW,PASS,PASS,FAIL,10,10,0,0,10,0.5,0.0002584694878909785,10,0.000258,0.000020,EXPIRY:2;STOP:4;TARGET:4,LIVE_BUT_UNSTABLE,robustness_status=FRAGILE
2026-04-16_to_2026-04-16_run_001,2026-04-16_to_2026-04-16_run_001_routine_20260503,derived_run_0001_ruleset_report_direction_short_v1_short_base,ALL_TRADES,,,,,REJECT,FAIL,UNSTABLE,FAIL,NOT_EVALUATED,NOT_EVALUATED,NOT_EVALUATED,0,0,0,0,0,,,0,,,,DEAD_REJECT,trade_count=0
2026-04-16_to_2026-04-16_run_001,2026-04-16_to_2026-04-16_run_001_routine_20260503,derived_run_0001_ruleset_report_direction_short_v1_short_base,RESOLVED_ONLY,,,,,REJECT,FAIL,UNSTABLE,FAIL,NOT_EVALUATED,NOT_EVALUATED,NOT_EVALUATED,0,0,0,0,0,,,0,,,,NO_RESOLVED_TRADES,RESOLVED_ONLY scope has no closed/resolved trades
2026-04-16_to_2026-04-16_run_001,2026-04-16_to_2026-04-16_run_001_routine_20260503,derived_run_0002_ruleset_report_setuptype_impulse_fade_reclaim_sh,ALL_TRADES,,,,,REJECT,FAIL,FRAGILE,REVIEW,PASS,PASS,FAIL,16,16,0,0,16,0.375,3.388483074595838e-05,16,0.000034,-0.000083,EXPIRY:2;STOP:9;TARGET:5,LIVE_BUT_UNSTABLE,robustness_status=FRAGILE
2026-04-16_to_2026-04-16_run_001,2026-04-16_to_2026-04-16_run_001_routine_20260503,derived_run_0002_ruleset_report_setuptype_impulse_fade_reclaim_sh,RESOLVED_ONLY,,,,,REJECT,FAIL,FRAGILE,REVIEW,PASS,PASS,FAIL,16,16,0,0,16,0.375,3.388483074595838e-05,16,0.000034,-0.000083,EXPIRY:2;STOP:9;TARGET:5,LIVE_BUT_UNSTABLE,robustness_status=FRAGILE
2026-04-16_to_2026-04-16_run_001,2026-04-16_to_2026-04-16_run_001_routine_20260503,derived_run_0002_ruleset_report_setuptype_impulse_fade_reclaim_sh,RULESET_REPORT_SETUPTYPE_IMPULSE_FADE_RECLAIM_SHORT_V1_V1_BOTH_BASE,RULESET_REPORT_SETUPTYPE_IMPULSE_FADE_RECLAIM_SHORT_V1_V1_BOTH_BASE,report|SetupType|IMPULSE_FADE_RECLAIM_SHORT_V1,BOTH,IMPULSE_FADE_RECLAIM_SHORT_V1,REJECT,FAIL,FRAGILE,REVIEW,PASS,PASS,FAIL,16,16,0,0,16,0.375,3.388483074595838e-05,16,0.000034,-0.000083,EXPIRY:2;STOP:9;TARGET:5,LIVE_BUT_UNSTABLE,robustness_status=FRAGILE
2026-04-17_to_2026-04-17_run_001,2026-04-17_to_2026-04-17_run_001_routine_20260503,derived_run_0001_ruleset_report_direction_long_v1_long_base,ALL_TRADES,,,,,REJECT,FAIL,UNSTABLE,FAIL,NOT_EVALUATED,NOT_EVALUATED,NOT_EVALUATED,0,0,0,0,0,,,0,,,,DEAD_REJECT,trade_count=0
2026-04-17_to_2026-04-17_run_001,2026-04-17_to_2026-04-17_run_001_routine_20260503,derived_run_0001_ruleset_report_direction_long_v1_long_base,RESOLVED_ONLY,,,,,REJECT,FAIL,UNSTABLE,FAIL,NOT_EVALUATED,NOT_EVALUATED,NOT_EVALUATED,0,0,0,0,0,,,0,,,,NO_RESOLVED_TRADES,RESOLVED_ONLY scope has no closed/resolved trades
2026-04-17_to_2026-04-17_run_001,2026-04-17_to_2026-04-17_run_001_routine_20260503,derived_run_0002_ruleset_report_setuptype_impulse_fade_reclaim_lo,ALL_TRADES,,,,,REJECT,FAIL,UNSTABLE,REVIEW,FAIL,PASS,FAIL,13,13,0,13,0,0.23076923076923078,-0.000461728504511097,13,-0.000462,-0.000443,EXPIRY:3;STOP:9;TARGET:1,LIVE_BUT_NEGATIVE,negative mean trade_return_pct
2026-04-17_to_2026-04-17_run_001,2026-04-17_to_2026-04-17_run_001_routine_20260503,derived_run_0002_ruleset_report_setuptype_impulse_fade_reclaim_lo,RESOLVED_ONLY,,,,,REJECT,FAIL,UNSTABLE,REVIEW,FAIL,PASS,FAIL,13,13,0,13,0,0.23076923076923078,-0.000461728504511097,13,-0.000462,-0.000443,EXPIRY:3;STOP:9;TARGET:1,LIVE_BUT_NEGATIVE,negative mean trade_return_pct
2026-04-17_to_2026-04-17_run_001,2026-04-17_to_2026-04-17_run_001_routine_20260503,derived_run_0002_ruleset_report_setuptype_impulse_fade_reclaim_lo,RULESET_REPORT_SETUPTYPE_IMPULSE_FADE_RECLAIM_LONG_V1_V1_BOTH_BASE,RULESET_REPORT_SETUPTYPE_IMPULSE_FADE_RECLAIM_LONG_V1_V1_BOTH_BASE,report|SetupType|IMPULSE_FADE_RECLAIM_LONG_V1,BOTH,IMPULSE_FADE_RECLAIM_LONG_V1,REJECT,FAIL,UNSTABLE,REVIEW,FAIL,PASS,FAIL,13,13,0,13,0,0.23076923076923078,-0.000461728504511097,13,-0.000462,-0.000443,EXPIRY:3;STOP:9;TARGET:1,LIVE_BUT_NEGATIVE,negative mean trade_return_pct
2026-04-18_to_2026-04-18_run_001,2026-04-18_to_2026-04-18_run_001_routine_20260503,derived_run_0001_ruleset_report_direction_short_v1_short_base,ALL_TRADES,,,,,REJECT,FAIL,UNSTABLE,FAIL,NOT_EVALUATED,NOT_EVALUATED,NOT_EVALUATED,0,0,0,0,0,,,0,,,,DEAD_REJECT,trade_count=0
2026-04-18_to_2026-04-18_run_001,2026-04-18_to_2026-04-18_run_001_routine_20260503,derived_run_0001_ruleset_report_direction_short_v1_short_base,RESOLVED_ONLY,,,,,REJECT,FAIL,UNSTABLE,FAIL,NOT_EVALUATED,NOT_EVALUATED,NOT_EVALUATED,0,0,0,0,0,,,0,,,,NO_RESOLVED_TRADES,RESOLVED_ONLY scope has no closed/resolved trades
2026-04-18_to_2026-04-18_run_001,2026-04-18_to_2026-04-18_run_001_routine_20260503,derived_run_0002_ruleset_report_setuptype_impulse_fade_reclaim_sh,ALL_TRADES,,,,,REJECT,FAIL,UNSTABLE,PASS,FAIL,PASS,FAIL,21,21,0,0,21,0.42857142857142855,-0.00019126039754977729,21,-0.000191,-0.000122,STOP:12;TARGET:9,LIVE_BUT_NEGATIVE,negative mean trade_return_pct
2026-04-18_to_2026-04-18_run_001,2026-04-18_to_2026-04-18_run_001_routine_20260503,derived_run_0002_ruleset_report_setuptype_impulse_fade_reclaim_sh,RESOLVED_ONLY,,,,,REJECT,FAIL,UNSTABLE,PASS,FAIL,PASS,FAIL,21,21,0,0,21,0.42857142857142855,-0.00019126039754977729,21,-0.000191,-0.000122,STOP:12;TARGET:9,LIVE_BUT_NEGATIVE,negative mean trade_return_pct
2026-04-18_to_2026-04-18_run_001,2026-04-18_to_2026-04-18_run_001_routine_20260503,derived_run_0002_ruleset_report_setuptype_impulse_fade_reclaim_sh,RULESET_REPORT_SETUPTYPE_IMPULSE_FADE_RECLAIM_SHORT_V1_V1_BOTH_BASE,RULESET_REPORT_SETUPTYPE_IMPULSE_FADE_RECLAIM_SHORT_V1_V1_BOTH_BASE,report|SetupType|IMPULSE_FADE_RECLAIM_SHORT_V1,BOTH,IMPULSE_FADE_RECLAIM_SHORT_V1,REJECT,FAIL,UNSTABLE,PASS,FAIL,PASS,FAIL,21,21,0,0,21,0.42857142857142855,-0.00019126039754977729,21,-0.000191,-0.000122,STOP:12;TARGET:9,LIVE_BUT_NEGATIVE,negative mean trade_return_pct
2026-04-20_to_2026-04-20_run_001,2026-04-20_to_2026-04-20_run_001_routine_20260503,derived_run_0001_ruleset_report_direction_long_v1_long_base,ALL_TRADES,,,,,REJECT,FAIL,UNSTABLE,FAIL,NOT_EVALUATED,NOT_EVALUATED,NOT_EVALUATED,0,0,0,0,0,,,0,,,,DEAD_REJECT,trade_count=0
2026-04-20_to_2026-04-20_run_001,2026-04-20_to_2026-04-20_run_001_routine_20260503,derived_run_0001_ruleset_report_direction_long_v1_long_base,RESOLVED_ONLY,,,,,REJECT,FAIL,UNSTABLE,FAIL,NOT_EVALUATED,NOT_EVALUATED,NOT_EVALUATED,0,0,0,0,0,,,0,,,,NO_RESOLVED_TRADES,RESOLVED_ONLY scope has no closed/resolved trades
2026-04-20_to_2026-04-20_run_001,2026-04-20_to_2026-04-20_run_001_routine_20260503,derived_run_0002_ruleset_report_setuptype_impulse_fade_reclaim_lo,ALL_TRADES,,,,,REJECT,FAIL,UNSTABLE,REVIEW,PASS,PASS,FAIL,9,9,0,9,0,0.6666666666666666,0.00020954951301673343,9,0.000210,0.000336,STOP:3;TARGET:6,LIVE_BUT_UNSTABLE,robustness_status=UNSTABLE
2026-04-20_to_2026-04-20_run_001,2026-04-20_to_2026-04-20_run_001_routine_20260503,derived_run_0002_ruleset_report_setuptype_impulse_fade_reclaim_lo,RESOLVED_ONLY,,,,,REJECT,FAIL,UNSTABLE,REVIEW,PASS,PASS,FAIL,9,9,0,9,0,0.6666666666666666,0.00020954951301673343,9,0.000210,0.000336,STOP:3;TARGET:6,LIVE_BUT_UNSTABLE,robustness_status=UNSTABLE
2026-04-20_to_2026-04-20_run_001,2026-04-20_to_2026-04-20_run_001_routine_20260503,derived_run_0002_ruleset_report_setuptype_impulse_fade_reclaim_lo,RULESET_REPORT_SETUPTYPE_IMPULSE_FADE_RECLAIM_LONG_V1_V1_BOTH_BASE,RULESET_REPORT_SETUPTYPE_IMPULSE_FADE_RECLAIM_LONG_V1_V1_BOTH_BASE,report|SetupType|IMPULSE_FADE_RECLAIM_LONG_V1,BOTH,IMPULSE_FADE_RECLAIM_LONG_V1,REJECT,FAIL,UNSTABLE,REVIEW,PASS,PASS,FAIL,9,9,0,9,0,0.6666666666666666,0.00020954951301673343,9,0.000210,0.000336,STOP:3;TARGET:6,LIVE_BUT_UNSTABLE,robustness_status=UNSTABLE
2026-04-21_to_2026-04-21_run_001,2026-04-21_to_2026-04-21_run_001_routine_20260503,derived_run_0001_ruleset_report_direction_long_v1_long_base,ALL_TRADES,,,,,REJECT,FAIL,UNSTABLE,FAIL,NOT_EVALUATED,NOT_EVALUATED,NOT_EVALUATED,0,0,0,0,0,,,0,,,,DEAD_REJECT,trade_count=0
2026-04-21_to_2026-04-21_run_001,2026-04-21_to_2026-04-21_run_001_routine_20260503,derived_run_0001_ruleset_report_direction_long_v1_long_base,RESOLVED_ONLY,,,,,REJECT,FAIL,UNSTABLE,FAIL,NOT_EVALUATED,NOT_EVALUATED,NOT_EVALUATED,0,0,0,0,0,,,0,,,,NO_RESOLVED_TRADES,RESOLVED_ONLY scope has no closed/resolved trades
2026-04-21_to_2026-04-21_run_001,2026-04-21_to_2026-04-21_run_001_routine_20260503,derived_run_0002_ruleset_report_setuptype_impulse_fade_reclaim_lo,ALL_TRADES,,,,,REJECT,FAIL,FRAGILE,REVIEW,PASS,PASS,FAIL,11,11,0,11,0,0.36363636363636365,0.00012846526109924435,11,0.000128,-0.000043,STOP:7;TARGET:4,LIVE_BUT_UNSTABLE,robustness_status=FRAGILE
2026-04-21_to_2026-04-21_run_001,2026-04-21_to_2026-04-21_run_001_routine_20260503,derived_run_0002_ruleset_report_setuptype_impulse_fade_reclaim_lo,RESOLVED_ONLY,,,,,REJECT,FAIL,FRAGILE,REVIEW,PASS,PASS,FAIL,11,11,0,11,0,0.36363636363636365,0.00012846526109924435,11,0.000128,-0.000043,STOP:7;TARGET:4,LIVE_BUT_UNSTABLE,robustness_status=FRAGILE
2026-04-21_to_2026-04-21_run_001,2026-04-21_to_2026-04-21_run_001_routine_20260503,derived_run_0002_ruleset_report_setuptype_impulse_fade_reclaim_lo,RULESET_REPORT_SETUPTYPE_IMPULSE_FADE_RECLAIM_LONG_V1_V1_BOTH_BASE,RULESET_REPORT_SETUPTYPE_IMPULSE_FADE_RECLAIM_LONG_V1_V1_BOTH_BASE,report|SetupType|IMPULSE_FADE_RECLAIM_LONG_V1,BOTH,IMPULSE_FADE_RECLAIM_LONG_V1,REJECT,FAIL,FRAGILE,REVIEW,PASS,PASS,FAIL,11,11,0,11,0,0.36363636363636365,0.00012846526109924435,11,0.000128,-0.000043,STOP:7;TARGET:4,LIVE_BUT_UNSTABLE,robustness_status=FRAGILE
2026-04-22_to_2026-04-22_run_001,2026-04-22_to_2026-04-22_run_001_routine_20260503,derived_run_0001_ruleset_report_direction_long_v1_long_base,ALL_TRADES,,,,,REJECT,FAIL,UNSTABLE,FAIL,NOT_EVALUATED,NOT_EVALUATED,NOT_EVALUATED,0,0,0,0,0,,,0,,,,DEAD_REJECT,trade_count=0
2026-04-22_to_2026-04-22_run_001,2026-04-22_to_2026-04-22_run_001_routine_20260503,derived_run_0001_ruleset_report_direction_long_v1_long_base,RESOLVED_ONLY,,,,,REJECT,FAIL,UNSTABLE,FAIL,NOT_EVALUATED,NOT_EVALUATED,NOT_EVALUATED,0,0,0,0,0,,,0,,,,NO_RESOLVED_TRADES,RESOLVED_ONLY scope has no closed/resolved trades
2026-04-22_to_2026-04-22_run_001,2026-04-22_to_2026-04-22_run_001_routine_20260503,derived_run_0002_ruleset_report_setuptype_impulse_fade_reclaim_lo,ALL_TRADES,,,,,REJECT,FAIL,FRAGILE,REVIEW,FAIL,PASS,FAIL,13,13,0,13,0,0.3076923076923077,-3.185989781199591e-05,13,-0.000032,-0.000102,STOP:9;TARGET:4,LIVE_BUT_NEGATIVE,negative mean trade_return_pct
2026-04-22_to_2026-04-22_run_001,2026-04-22_to_2026-04-22_run_001_routine_20260503,derived_run_0002_ruleset_report_setuptype_impulse_fade_reclaim_lo,RESOLVED_ONLY,,,,,REJECT,FAIL,FRAGILE,REVIEW,FAIL,PASS,FAIL,13,13,0,13,0,0.3076923076923077,-3.185989781199591e-05,13,-0.000032,-0.000102,STOP:9;TARGET:4,LIVE_BUT_NEGATIVE,negative mean trade_return_pct
2026-04-22_to_2026-04-22_run_001,2026-04-22_to_2026-04-22_run_001_routine_20260503,derived_run_0002_ruleset_report_setuptype_impulse_fade_reclaim_lo,RULESET_REPORT_SETUPTYPE_IMPULSE_FADE_RECLAIM_LONG_V1_V1_BOTH_BASE,RULESET_REPORT_SETUPTYPE_IMPULSE_FADE_RECLAIM_LONG_V1_V1_BOTH_BASE,report|SetupType|IMPULSE_FADE_RECLAIM_LONG_V1,BOTH,IMPULSE_FADE_RECLAIM_LONG_V1,REJECT,FAIL,FRAGILE,REVIEW,FAIL,PASS,FAIL,13,13,0,13,0,0.3076923076923077,-3.185989781199591e-05,13,-0.000032,-0.000102,STOP:9;TARGET:4,LIVE_BUT_NEGATIVE,negative mean trade_return_pct
2026-04-23_to_2026-04-23_run_001,2026-04-23_to_2026-04-23_run_001_routine_20260503,derived_run_0001_ruleset_report_direction_long_v1_long_base,ALL_TRADES,,,,,REJECT,FAIL,UNSTABLE,FAIL,NOT_EVALUATED,NOT_EVALUATED,NOT_EVALUATED,0,0,0,0,0,,,0,,,,DEAD_REJECT,trade_count=0
2026-04-23_to_2026-04-23_run_001,2026-04-23_to_2026-04-23_run_001_routine_20260503,derived_run_0001_ruleset_report_direction_long_v1_long_base,RESOLVED_ONLY,,,,,REJECT,FAIL,UNSTABLE,FAIL,NOT_EVALUATED,NOT_EVALUATED,NOT_EVALUATED,0,0,0,0,0,,,0,,,,NO_RESOLVED_TRADES,RESOLVED_ONLY scope has no closed/resolved trades
2026-04-23_to_2026-04-23_run_001,2026-04-23_to_2026-04-23_run_001_routine_20260503,derived_run_0002_ruleset_report_setuptype_impulse_fade_reclaim_lo,ALL_TRADES,,,,,REJECT,FAIL,UNSTABLE,REVIEW,PASS,PASS,FAIL,11,11,0,11,0,0.5454545454545454,0.0003731995482443901,11,0.000373,0.000002,STOP:5;TARGET:6,LIVE_BUT_UNSTABLE,robustness_status=UNSTABLE
2026-04-23_to_2026-04-23_run_001,2026-04-23_to_2026-04-23_run_001_routine_20260503,derived_run_0002_ruleset_report_setuptype_impulse_fade_reclaim_lo,RESOLVED_ONLY,,,,,REJECT,FAIL,UNSTABLE,REVIEW,PASS,PASS,FAIL,11,11,0,11,0,0.5454545454545454,0.0003731995482443901,11,0.000373,0.000002,STOP:5;TARGET:6,LIVE_BUT_UNSTABLE,robustness_status=UNSTABLE
2026-04-23_to_2026-04-23_run_001,2026-04-23_to_2026-04-23_run_001_routine_20260503,derived_run_0002_ruleset_report_setuptype_impulse_fade_reclaim_lo,RULESET_REPORT_SETUPTYPE_IMPULSE_FADE_RECLAIM_LONG_V1_V1_BOTH_BASE,RULESET_REPORT_SETUPTYPE_IMPULSE_FADE_RECLAIM_LONG_V1_V1_BOTH_BASE,report|SetupType|IMPULSE_FADE_RECLAIM_LONG_V1,BOTH,IMPULSE_FADE_RECLAIM_LONG_V1,REJECT,FAIL,UNSTABLE,REVIEW,PASS,PASS,FAIL,11,11,0,11,0,0.5454545454545454,0.0003731995482443901,11,0.000373,0.000002,STOP:5;TARGET:6,LIVE_BUT_UNSTABLE,robustness_status=UNSTABLE
smoke_2026-03-12_run_003,smoke_2026-03-12_run_003,,ALL_TRADES,,,,,REJECT,FAIL,UNSTABLE,FAIL,NOT_EVALUATED,NOT_EVALUATED,FAIL,11,0,11,11,0,,,0,,,UNRESOLVED:11,LIVE_UNRESOLVED_NO_RETURN,non-zero trades but all unresolved; return metrics unavailable
smoke_2026-03-12_run_003,smoke_2026-03-12_run_003,,RESOLVED_ONLY,,,,,REJECT,FAIL,UNSTABLE,FAIL,NOT_EVALUATED,NOT_EVALUATED,NOT_EVALUATED,0,0,0,0,0,,,0,,,,NO_RESOLVED_TRADES,RESOLVED_ONLY scope has no closed/resolved trades
smoke_2026-03-12_run_003,smoke_2026-03-12_run_003,,RULESET_REPORT_SETUPTYPE_FAILED_BREAK_RECLAIM_LONG_V1_LONG_BASE,RULESET_REPORT_SETUPTYPE_FAILED_BREAK_RECLAIM_LONG_V1_LONG_BASE,report|SetupType|FAILED_BREAK_RECLAIM_LONG,LONG,FAILED_BREAK_RECLAIM_LONG,REJECT,FAIL,UNSTABLE,FAIL,NOT_EVALUATED,NOT_EVALUATED,FAIL,11,0,11,11,0,,,0,,,UNRESOLVED:11,LIVE_UNRESOLVED_NO_RETURN,non-zero trades but all unresolved; return metrics unavailable
smoke_2026-03-12_run_003_after_p03,smoke_2026-03-12_run_003_after_p03,,ALL_TRADES,,,,,REJECT,FAIL,UNSTABLE,FAIL,NOT_EVALUATED,NOT_EVALUATED,FAIL,11,0,11,11,0,,,0,,,UNRESOLVED:11,LIVE_UNRESOLVED_NO_RETURN,non-zero trades but all unresolved; return metrics unavailable
smoke_2026-03-12_run_003_after_p03,smoke_2026-03-12_run_003_after_p03,,RESOLVED_ONLY,,,,,REJECT,FAIL,UNSTABLE,FAIL,NOT_EVALUATED,NOT_EVALUATED,NOT_EVALUATED,0,0,0,0,0,,,0,,,,NO_RESOLVED_TRADES,RESOLVED_ONLY scope has no closed/resolved trades
smoke_2026-03-12_run_003_after_p03,smoke_2026-03-12_run_003_after_p03,,RULESET_REPORT_SETUPTYPE_FAILED_BREAK_RECLAIM_LONG_V1_LONG_BASE,RULESET_REPORT_SETUPTYPE_FAILED_BREAK_RECLAIM_LONG_V1_LONG_BASE,report|SetupType|FAILED_BREAK_RECLAIM_LONG,LONG,FAILED_BREAK_RECLAIM_LONG,REJECT,FAIL,UNSTABLE,FAIL,NOT_EVALUATED,NOT_EVALUATED,FAIL,11,0,11,11,0,,,0,,,UNRESOLVED:11,LIVE_UNRESOLVED_NO_RETURN,non-zero trades but all unresolved; return metrics unavailable
smoke_2026-03-14_run_001_after_p03,smoke_2026-03-14_run_001_after_p03,,ALL_TRADES,,,,,REJECT,FAIL,UNSTABLE,FAIL,NOT_EVALUATED,NOT_EVALUATED,NOT_EVALUATED,0,0,0,0,0,,,0,,,,DEAD_REJECT,trade_count=0
smoke_2026-03-14_run_001_after_p03,smoke_2026-03-14_run_001_after_p03,,RESOLVED_ONLY,,,,,REJECT,FAIL,UNSTABLE,FAIL,NOT_EVALUATED,NOT_EVALUATED,NOT_EVALUATED,0,0,0,0,0,,,0,,,,NO_RESOLVED_TRADES,RESOLVED_ONLY scope has no closed/resolved trades
smoke_2026-03-14_run_004_after_p1,smoke_2026-03-14_run_004_after_p1,,ALL_TRADES,,,,,REJECT,FAIL,UNSTABLE,FAIL,NOT_EVALUATED,NOT_EVALUATED,NOT_EVALUATED,0,0,0,0,0,,,0,,,,DEAD_REJECT,trade_count=0
smoke_2026-03-14_run_004_after_p1,smoke_2026-03-14_run_004_after_p1,,RESOLVED_ONLY,,,,,REJECT,FAIL,UNSTABLE,FAIL,NOT_EVALUATED,NOT_EVALUATED,NOT_EVALUATED,0,0,0,0,0,,,0,,,,NO_RESOLVED_TRADES,RESOLVED_ONLY scope has no closed/resolved trades
