variant,run_id,status,source_setups,selected_setups,output_dir,trade_count,resolved_trade_count,unresolved_trade_count,win_rate,mean_return,median_return,promotion_decision,validation_status,robustness_status,notes
baseline_current,2026-03-13_to_2026-03-13_run_002,COMPLETED,4,4,/tmp/short_reclaim_timing_survival_diagnostic_2026-05-03/backtests/baseline_current/2026-03-13_to_2026-03-13_run_002,4,4,0,0.25,-0.00089556,-0.00061950,REJECT,FAIL,UNSTABLE,
entry_delay_1,2026-03-13_to_2026-03-13_run_002,COMPLETED,4,4,/tmp/short_reclaim_timing_survival_diagnostic_2026-05-03/backtests/entry_delay_1/2026-03-13_to_2026-03-13_run_002,4,4,0,0.75,-0.00049716,0.00019233,REJECT,FAIL,UNSTABLE,
entry_delay_2,2026-03-13_to_2026-03-13_run_002,COMPLETED,4,4,/tmp/short_reclaim_timing_survival_diagnostic_2026-05-03/backtests/entry_delay_2/2026-03-13_to_2026-03-13_run_002,4,4,0,0.75,0.00024138,0.00070751,REJECT,FAIL,UNSTABLE,
survival_confirm_1,2026-03-13_to_2026-03-13_run_002,COMPLETED,4,2,/tmp/short_reclaim_timing_survival_diagnostic_2026-05-03/backtests/survival_confirm_1/2026-03-13_to_2026-03-13_run_002,2,2,0,0.5,-0.00118666,-0.00118666,REJECT,FAIL,UNSTABLE,
favorable_close_confirm_1,2026-03-13_to_2026-03-13_run_002,COMPLETED,4,2,/tmp/short_reclaim_timing_survival_diagnostic_2026-05-03/backtests/favorable_close_confirm_1/2026-03-13_to_2026-03-13_run_002,2,2,0,0.5,-0.00118666,-0.00118666,REJECT,FAIL,UNSTABLE,
baseline_current,2026-03-14_to_2026-03-14_run_001,COMPLETED,13,13,/tmp/short_reclaim_timing_survival_diagnostic_2026-05-03/backtests/baseline_current/2026-03-14_to_2026-03-14_run_001,13,13,0,0.46153846153846156,0.00006796,-0.00001839,REJECT,FAIL,FRAGILE,
entry_delay_1,2026-03-14_to_2026-03-14_run_001,COMPLETED,13,13,/tmp/short_reclaim_timing_survival_diagnostic_2026-05-03/backtests/entry_delay_1/2026-03-14_to_2026-03-14_run_001,13,13,0,0.38461538461538464,-0.00003196,-0.00006082,REJECT,FAIL,UNSTABLE,
entry_delay_2,2026-03-14_to_2026-03-14_run_001,COMPLETED,13,13,/tmp/short_reclaim_timing_survival_diagnostic_2026-05-03/backtests/entry_delay_2/2026-03-14_to_2026-03-14_run_001,13,13,0,0.6153846153846154,0.00000886,0.00002404,REJECT,FAIL,UNSTABLE,
survival_confirm_1,2026-03-14_to_2026-03-14_run_001,COMPLETED,13,10,/tmp/short_reclaim_timing_survival_diagnostic_2026-05-03/backtests/survival_confirm_1/2026-03-14_to_2026-03-14_run_001,10,10,0,0.3,-0.00005201,-0.00009760,REJECT,FAIL,UNSTABLE,
favorable_close_confirm_1,2026-03-14_to_2026-03-14_run_001,COMPLETED,13,4,/tmp/short_reclaim_timing_survival_diagnostic_2026-05-03/backtests/favorable_close_confirm_1/2026-03-14_to_2026-03-14_run_001,4,4,0,0.0,-0.00037568,-0.00040749,REJECT,FAIL,UNSTABLE,
baseline_current,2026-03-14_to_2026-03-14_run_002,COMPLETED,13,13,/tmp/short_reclaim_timing_survival_diagnostic_2026-05-03/backtests/baseline_current/2026-03-14_to_2026-03-14_run_002,13,13,0,0.46153846153846156,0.00006796,-0.00001839,REJECT,FAIL,FRAGILE,
entry_delay_1,2026-03-14_to_2026-03-14_run_002,COMPLETED,13,13,/tmp/short_reclaim_timing_survival_diagnostic_2026-05-03/backtests/entry_delay_1/2026-03-14_to_2026-03-14_run_002,13,13,0,0.38461538461538464,-0.00003196,-0.00006082,REJECT,FAIL,UNSTABLE,
entry_delay_2,2026-03-14_to_2026-03-14_run_002,COMPLETED,13,13,/tmp/short_reclaim_timing_survival_diagnostic_2026-05-03/backtests/entry_delay_2/2026-03-14_to_2026-03-14_run_002,13,13,0,0.6153846153846154,0.00000886,0.00002404,REJECT,FAIL,UNSTABLE,
survival_confirm_1,2026-03-14_to_2026-03-14_run_002,COMPLETED,13,10,/tmp/short_reclaim_timing_survival_diagnostic_2026-05-03/backtests/survival_confirm_1/2026-03-14_to_2026-03-14_run_002,10,10,0,0.3,-0.00005201,-0.00009760,REJECT,FAIL,UNSTABLE,
favorable_close_confirm_1,2026-03-14_to_2026-03-14_run_002,COMPLETED,13,4,/tmp/short_reclaim_timing_survival_diagnostic_2026-05-03/backtests/favorable_close_confirm_1/2026-03-14_to_2026-03-14_run_002,4,4,0,0.0,-0.00037568,-0.00040749,REJECT,FAIL,UNSTABLE,
baseline_current,2026-03-14_to_2026-03-14_run_003,COMPLETED,13,13,/tmp/short_reclaim_timing_survival_diagnostic_2026-05-03/backtests/baseline_current/2026-03-14_to_2026-03-14_run_003,13,13,0,0.46153846153846156,0.00006796,-0.00001839,REJECT,FAIL,FRAGILE,
entry_delay_1,2026-03-14_to_2026-03-14_run_003,COMPLETED,13,13,/tmp/short_reclaim_timing_survival_diagnostic_2026-05-03/backtests/entry_delay_1/2026-03-14_to_2026-03-14_run_003,13,13,0,0.38461538461538464,-0.00003196,-0.00006082,REJECT,FAIL,UNSTABLE,
entry_delay_2,2026-03-14_to_2026-03-14_run_003,COMPLETED,13,13,/tmp/short_reclaim_timing_survival_diagnostic_2026-05-03/backtests/entry_delay_2/2026-03-14_to_2026-03-14_run_003,13,13,0,0.6153846153846154,0.00000886,0.00002404,REJECT,FAIL,UNSTABLE,
survival_confirm_1,2026-03-14_to_2026-03-14_run_003,COMPLETED,13,10,/tmp/short_reclaim_timing_survival_diagnostic_2026-05-03/backtests/survival_confirm_1/2026-03-14_to_2026-03-14_run_003,10,10,0,0.3,-0.00005201,-0.00009760,REJECT,FAIL,UNSTABLE,
favorable_close_confirm_1,2026-03-14_to_2026-03-14_run_003,COMPLETED,13,4,/tmp/short_reclaim_timing_survival_diagnostic_2026-05-03/backtests/favorable_close_confirm_1/2026-03-14_to_2026-03-14_run_003,4,4,0,0.0,-0.00037568,-0.00040749,REJECT,FAIL,UNSTABLE,
baseline_current,2026-03-14_to_2026-03-14_run_004,COMPLETED,13,13,/tmp/short_reclaim_timing_survival_diagnostic_2026-05-03/backtests/baseline_current/2026-03-14_to_2026-03-14_run_004,13,13,0,0.46153846153846156,0.00006796,-0.00001839,REJECT,FAIL,FRAGILE,
entry_delay_1,2026-03-14_to_2026-03-14_run_004,COMPLETED,13,13,/tmp/short_reclaim_timing_survival_diagnostic_2026-05-03/backtests/entry_delay_1/2026-03-14_to_2026-03-14_run_004,13,13,0,0.38461538461538464,-0.00003196,-0.00006082,REJECT,FAIL,UNSTABLE,
entry_delay_2,2026-03-14_to_2026-03-14_run_004,COMPLETED,13,13,/tmp/short_reclaim_timing_survival_diagnostic_2026-05-03/backtests/entry_delay_2/2026-03-14_to_2026-03-14_run_004,13,13,0,0.6153846153846154,0.00000886,0.00002404,REJECT,FAIL,UNSTABLE,
survival_confirm_1,2026-03-14_to_2026-03-14_run_004,COMPLETED,13,10,/tmp/short_reclaim_timing_survival_diagnostic_2026-05-03/backtests/survival_confirm_1/2026-03-14_to_2026-03-14_run_004,10,10,0,0.3,-0.00005201,-0.00009760,REJECT,FAIL,UNSTABLE,
favorable_close_confirm_1,2026-03-14_to_2026-03-14_run_004,COMPLETED,13,4,/tmp/short_reclaim_timing_survival_diagnostic_2026-05-03/backtests/favorable_close_confirm_1/2026-03-14_to_2026-03-14_run_004,4,4,0,0.0,-0.00037568,-0.00040749,REJECT,FAIL,UNSTABLE,
baseline_current,2026-03-15_to_2026-03-15_run_001,COMPLETED,13,13,/tmp/short_reclaim_timing_survival_diagnostic_2026-05-03/backtests/baseline_current/2026-03-15_to_2026-03-15_run_001,13,13,0,0.6923076923076923,0.00017651,0.00005732,REJECT,FAIL,UNSTABLE,
entry_delay_1,2026-03-15_to_2026-03-15_run_001,COMPLETED,13,13,/tmp/short_reclaim_timing_survival_diagnostic_2026-05-03/backtests/entry_delay_1/2026-03-15_to_2026-03-15_run_001,13,13,0,0.6923076923076923,0.00035812,0.00038767,REJECT,FAIL,UNSTABLE,
entry_delay_2,2026-03-15_to_2026-03-15_run_001,COMPLETED,13,13,/tmp/short_reclaim_timing_survival_diagnostic_2026-05-03/backtests/entry_delay_2/2026-03-15_to_2026-03-15_run_001,13,13,0,0.6153846153846154,0.00016281,0.00008501,REJECT,FAIL,UNSTABLE,
survival_confirm_1,2026-03-15_to_2026-03-15_run_001,COMPLETED,13,10,/tmp/short_reclaim_timing_survival_diagnostic_2026-05-03/backtests/survival_confirm_1/2026-03-15_to_2026-03-15_run_001,10,10,0,0.6,0.00035729,0.00053788,REJECT,FAIL,UNSTABLE,
favorable_close_confirm_1,2026-03-15_to_2026-03-15_run_001,COMPLETED,13,8,/tmp/short_reclaim_timing_survival_diagnostic_2026-05-03/backtests/favorable_close_confirm_1/2026-03-15_to_2026-03-15_run_001,8,8,0,0.625,0.00037509,0.00046733,REJECT,FAIL,UNSTABLE,
baseline_current,2026-03-16_to_2026-03-16_run_001,COMPLETED,7,7,/tmp/short_reclaim_timing_survival_diagnostic_2026-05-03/backtests/baseline_current/2026-03-16_to_2026-03-16_run_001,7,7,0,0.14285714285714285,-0.00140083,-0.00177001,REJECT,FAIL,UNSTABLE,
entry_delay_1,2026-03-16_to_2026-03-16_run_001,COMPLETED,7,7,/tmp/short_reclaim_timing_survival_diagnostic_2026-05-03/backtests/entry_delay_1/2026-03-16_to_2026-03-16_run_001,7,7,0,0.42857142857142855,-0.00086501,-0.00151677,REJECT,FAIL,UNSTABLE,
entry_delay_2,2026-03-16_to_2026-03-16_run_001,COMPLETED,7,7,/tmp/short_reclaim_timing_survival_diagnostic_2026-05-03/backtests/entry_delay_2/2026-03-16_to_2026-03-16_run_001,7,7,0,0.42857142857142855,-0.00052657,-0.00122866,REJECT,FAIL,FRAGILE,
survival_confirm_1,2026-03-16_to_2026-03-16_run_001,COMPLETED,7,5,/tmp/short_reclaim_timing_survival_diagnostic_2026-05-03/backtests/survival_confirm_1/2026-03-16_to_2026-03-16_run_001,5,5,0,0.2,-0.00142337,-0.00188257,REJECT,FAIL,UNSTABLE,
favorable_close_confirm_1,2026-03-16_to_2026-03-16_run_001,COMPLETED,7,1,/tmp/short_reclaim_timing_survival_diagnostic_2026-05-03/backtests/favorable_close_confirm_1/2026-03-16_to_2026-03-16_run_001,1,1,0,0.0,-0.00151677,-0.00151677,REJECT,FAIL,UNSTABLE,
baseline_current,2026-03-21_to_2026-03-21_run_001,COMPLETED,1,1,/tmp/short_reclaim_timing_survival_diagnostic_2026-05-03/backtests/baseline_current/2026-03-21_to_2026-03-21_run_001,1,1,0,0.0,-0.00028415,-0.00028415,REJECT,FAIL,UNSTABLE,
entry_delay_1,2026-03-21_to_2026-03-21_run_001,COMPLETED,1,1,/tmp/short_reclaim_timing_survival_diagnostic_2026-05-03/backtests/entry_delay_1/2026-03-21_to_2026-03-21_run_001,1,1,0,1.0,0.00016674,0.00016674,REJECT,FAIL,UNSTABLE,
entry_delay_2,2026-03-21_to_2026-03-21_run_001,COMPLETED,1,1,/tmp/short_reclaim_timing_survival_diagnostic_2026-05-03/backtests/entry_delay_2/2026-03-21_to_2026-03-21_run_001,1,1,0,1.0,0.00017805,0.00017805,REJECT,FAIL,UNSTABLE,
survival_confirm_1,2026-03-21_to_2026-03-21_run_001,SKIPPED_NO_SETUPS,1,0,,,,,,,,,,,no selected setups after timing transform
favorable_close_confirm_1,2026-03-21_to_2026-03-21_run_001,SKIPPED_NO_SETUPS,1,0,,,,,,,,,,,no selected setups after timing transform
baseline_current,2026-03-22_to_2026-03-22_run_001,COMPLETED,1,1,/tmp/short_reclaim_timing_survival_diagnostic_2026-05-03/backtests/baseline_current/2026-03-22_to_2026-03-22_run_001,1,1,0,1.0,0.00069012,0.00069012,REJECT,FAIL,UNSTABLE,
entry_delay_1,2026-03-22_to_2026-03-22_run_001,COMPLETED,1,1,/tmp/short_reclaim_timing_survival_diagnostic_2026-05-03/backtests/entry_delay_1/2026-03-22_to_2026-03-22_run_001,1,1,0,0.0,-0.00039818,-0.00039818,REJECT,FAIL,UNSTABLE,
entry_delay_2,2026-03-22_to_2026-03-22_run_001,COMPLETED,1,1,/tmp/short_reclaim_timing_survival_diagnostic_2026-05-03/backtests/entry_delay_2/2026-03-22_to_2026-03-22_run_001,1,1,0,1.0,0.00033413,0.00033413,REJECT,FAIL,UNSTABLE,
survival_confirm_1,2026-03-22_to_2026-03-22_run_001,COMPLETED,1,1,/tmp/short_reclaim_timing_survival_diagnostic_2026-05-03/backtests/survival_confirm_1/2026-03-22_to_2026-03-22_run_001,1,1,0,0.0,-0.00039818,-0.00039818,REJECT,FAIL,UNSTABLE,
favorable_close_confirm_1,2026-03-22_to_2026-03-22_run_001,COMPLETED,1,1,/tmp/short_reclaim_timing_survival_diagnostic_2026-05-03/backtests/favorable_close_confirm_1/2026-03-22_to_2026-03-22_run_001,1,1,0,0.0,-0.00039818,-0.00039818,REJECT,FAIL,UNSTABLE,
baseline_current,2026-03-24_to_2026-03-24_run_001,COMPLETED,1,1,/tmp/short_reclaim_timing_survival_diagnostic_2026-05-03/backtests/baseline_current/2026-03-24_to_2026-03-24_run_001,1,1,0,0.0,-0.00054323,-0.00054323,REJECT,FAIL,UNSTABLE,
entry_delay_1,2026-03-24_to_2026-03-24_run_001,COMPLETED,1,1,/tmp/short_reclaim_timing_survival_diagnostic_2026-05-03/backtests/entry_delay_1/2026-03-24_to_2026-03-24_run_001,1,1,0,1.0,0.00009190,0.00009190,REJECT,FAIL,UNSTABLE,
entry_delay_2,2026-03-24_to_2026-03-24_run_001,COMPLETED,1,1,/tmp/short_reclaim_timing_survival_diagnostic_2026-05-03/backtests/entry_delay_2/2026-03-24_to_2026-03-24_run_001,1,1,0,1.0,0.00046213,0.00046213,REJECT,FAIL,UNSTABLE,
survival_confirm_1,2026-03-24_to_2026-03-24_run_001,SKIPPED_NO_SETUPS,1,0,,,,,,,,,,,no selected setups after timing transform
favorable_close_confirm_1,2026-03-24_to_2026-03-24_run_001,SKIPPED_NO_SETUPS,1,0,,,,,,,,,,,no selected setups after timing transform
baseline_current,2026-03-26_to_2026-03-26_run_001,COMPLETED,1,1,/tmp/short_reclaim_timing_survival_diagnostic_2026-05-03/backtests/baseline_current/2026-03-26_to_2026-03-26_run_001,1,1,0,0.0,-0.00067881,-0.00067881,REJECT,FAIL,UNSTABLE,
entry_delay_1,2026-03-26_to_2026-03-26_run_001,COMPLETED,1,1,/tmp/short_reclaim_timing_survival_diagnostic_2026-05-03/backtests/entry_delay_1/2026-03-26_to_2026-03-26_run_001,1,1,0,1.0,0.00223253,0.00223253,REJECT,FAIL,UNSTABLE,
entry_delay_2,2026-03-26_to_2026-03-26_run_001,COMPLETED,1,1,/tmp/short_reclaim_timing_survival_diagnostic_2026-05-03/backtests/entry_delay_2/2026-03-26_to_2026-03-26_run_001,1,1,0,1.0,0.00049297,0.00049297,REJECT,FAIL,UNSTABLE,
survival_confirm_1,2026-03-26_to_2026-03-26_run_001,SKIPPED_NO_SETUPS,1,0,,,,,,,,,,,no selected setups after timing transform
favorable_close_confirm_1,2026-03-26_to_2026-03-26_run_001,SKIPPED_NO_SETUPS,1,0,,,,,,,,,,,no selected setups after timing transform
baseline_current,2026-03-27_to_2026-03-27_run_001,COMPLETED,1,1,/tmp/short_reclaim_timing_survival_diagnostic_2026-05-03/backtests/baseline_current/2026-03-27_to_2026-03-27_run_001,1,1,0,0.0,-0.00057857,-0.00057857,REJECT,FAIL,UNSTABLE,
entry_delay_1,2026-03-27_to_2026-03-27_run_001,COMPLETED,1,1,/tmp/short_reclaim_timing_survival_diagnostic_2026-05-03/backtests/entry_delay_1/2026-03-27_to_2026-03-27_run_001,1,1,0,1.0,0.00014821,0.00014821,REJECT,FAIL,UNSTABLE,
entry_delay_2,2026-03-27_to_2026-03-27_run_001,COMPLETED,1,1,/tmp/short_reclaim_timing_survival_diagnostic_2026-05-03/backtests/entry_delay_2/2026-03-27_to_2026-03-27_run_001,1,1,0,0.0,-0.00080407,-0.00080407,REJECT,FAIL,UNSTABLE,
survival_confirm_1,2026-03-27_to_2026-03-27_run_001,COMPLETED,1,1,/tmp/short_reclaim_timing_survival_diagnostic_2026-05-03/backtests/survival_confirm_1/2026-03-27_to_2026-03-27_run_001,1,1,0,1.0,0.00014821,0.00014821,REJECT,FAIL,UNSTABLE,
favorable_close_confirm_1,2026-03-27_to_2026-03-27_run_001,SKIPPED_NO_SETUPS,1,0,,,,,,,,,,,no selected setups after timing transform
baseline_current,2026-03-30_to_2026-03-30_run_001,COMPLETED,6,6,/tmp/short_reclaim_timing_survival_diagnostic_2026-05-03/backtests/baseline_current/2026-03-30_to_2026-03-30_run_001,6,6,0,0.3333333333333333,0.00034082,-0.00020417,REJECT,FAIL,UNSTABLE,
entry_delay_1,2026-03-30_to_2026-03-30_run_001,COMPLETED,6,6,/tmp/short_reclaim_timing_survival_diagnostic_2026-05-03/backtests/entry_delay_1/2026-03-30_to_2026-03-30_run_001,6,6,0,0.8333333333333334,0.00045813,0.00059465,REJECT,FAIL,UNSTABLE,
entry_delay_2,2026-03-30_to_2026-03-30_run_001,COMPLETED,6,6,/tmp/short_reclaim_timing_survival_diagnostic_2026-05-03/backtests/entry_delay_2/2026-03-30_to_2026-03-30_run_001,6,6,0,0.3333333333333333,-0.00044689,-0.00069722,REJECT,FAIL,FRAGILE,
survival_confirm_1,2026-03-30_to_2026-03-30_run_001,COMPLETED,6,4,/tmp/short_reclaim_timing_survival_diagnostic_2026-05-03/backtests/survival_confirm_1/2026-03-30_to_2026-03-30_run_001,4,4,0,1.0,0.00072207,0.00074760,REJECT,FAIL,UNSTABLE,
favorable_close_confirm_1,2026-03-30_to_2026-03-30_run_001,COMPLETED,6,2,/tmp/short_reclaim_timing_survival_diagnostic_2026-05-03/backtests/favorable_close_confirm_1/2026-03-30_to_2026-03-30_run_001,2,2,0,0.5,0.00008322,0.00008322,REJECT,FAIL,UNSTABLE,
baseline_current,2026-03-31_to_2026-03-31_run_001,COMPLETED,7,7,/tmp/short_reclaim_timing_survival_diagnostic_2026-05-03/backtests/baseline_current/2026-03-31_to_2026-03-31_run_001,7,7,0,0.5714285714285714,-0.00002414,0.00018267,REJECT,FAIL,UNSTABLE,
entry_delay_1,2026-03-31_to_2026-03-31_run_001,COMPLETED,7,7,/tmp/short_reclaim_timing_survival_diagnostic_2026-05-03/backtests/entry_delay_1/2026-03-31_to_2026-03-31_run_001,7,7,0,0.7142857142857143,-0.00031423,0.00039680,REJECT,FAIL,UNSTABLE,
entry_delay_2,2026-03-31_to_2026-03-31_run_001,COMPLETED,7,7,/tmp/short_reclaim_timing_survival_diagnostic_2026-05-03/backtests/entry_delay_2/2026-03-31_to_2026-03-31_run_001,7,7,0,0.14285714285714285,-0.00171628,-0.00224510,REJECT,FAIL,UNSTABLE,
survival_confirm_1,2026-03-31_to_2026-03-31_run_001,COMPLETED,7,3,/tmp/short_reclaim_timing_survival_diagnostic_2026-05-03/backtests/survival_confirm_1/2026-03-31_to_2026-03-31_run_001,3,3,0,0.3333333333333333,-0.00147110,-0.00170257,REJECT,FAIL,UNSTABLE,
favorable_close_confirm_1,2026-03-31_to_2026-03-31_run_001,COMPLETED,7,3,/tmp/short_reclaim_timing_survival_diagnostic_2026-05-03/backtests/favorable_close_confirm_1/2026-03-31_to_2026-03-31_run_001,3,3,0,0.3333333333333333,-0.00173383,-0.00170257,REJECT,FAIL,UNSTABLE,
baseline_current,2026-04-01_to_2026-04-01_run_001,COMPLETED,7,7,/tmp/short_reclaim_timing_survival_diagnostic_2026-05-03/backtests/baseline_current/2026-04-01_to_2026-04-01_run_001,7,7,0,0.7142857142857143,0.00040725,0.00056764,REJECT,FAIL,UNSTABLE,
entry_delay_1,2026-04-01_to_2026-04-01_run_001,COMPLETED,7,7,/tmp/short_reclaim_timing_survival_diagnostic_2026-05-03/backtests/entry_delay_1/2026-04-01_to_2026-04-01_run_001,7,7,0,0.8571428571428571,0.00079604,0.00081741,REJECT,FAIL,UNSTABLE,
entry_delay_2,2026-04-01_to_2026-04-01_run_001,COMPLETED,7,7,/tmp/short_reclaim_timing_survival_diagnostic_2026-05-03/backtests/entry_delay_2/2026-04-01_to_2026-04-01_run_001,7,7,0,0.5714285714285714,-0.00003635,0.00046936,REJECT,FAIL,FRAGILE,
survival_confirm_1,2026-04-01_to_2026-04-01_run_001,COMPLETED,7,5,/tmp/short_reclaim_timing_survival_diagnostic_2026-05-03/backtests/survival_confirm_1/2026-04-01_to_2026-04-01_run_001,5,5,0,0.8,0.00090252,0.00140406,REJECT,FAIL,UNSTABLE,
favorable_close_confirm_1,2026-04-01_to_2026-04-01_run_001,COMPLETED,7,6,/tmp/short_reclaim_timing_survival_diagnostic_2026-05-03/backtests/favorable_close_confirm_1/2026-04-01_to_2026-04-01_run_001,6,6,0,0.8333333333333334,0.00083438,0.00111074,REJECT,FAIL,UNSTABLE,
baseline_current,2026-04-02_to_2026-04-02_run_001,COMPLETED,5,5,/tmp/short_reclaim_timing_survival_diagnostic_2026-05-03/backtests/baseline_current/2026-04-02_to_2026-04-02_run_001,5,5,0,0.6,0.00046329,0.00027943,REJECT,FAIL,UNSTABLE,
entry_delay_1,2026-04-02_to_2026-04-02_run_001,COMPLETED,5,5,/tmp/short_reclaim_timing_survival_diagnostic_2026-05-03/backtests/entry_delay_1/2026-04-02_to_2026-04-02_run_001,5,5,0,0.6,0.00051835,0.00043768,REJECT,FAIL,UNSTABLE,
entry_delay_2,2026-04-02_to_2026-04-02_run_001,COMPLETED,5,5,/tmp/short_reclaim_timing_survival_diagnostic_2026-05-03/backtests/entry_delay_2/2026-04-02_to_2026-04-02_run_001,5,5,0,0.8,0.00015912,0.00034792,REJECT,FAIL,UNSTABLE,
survival_confirm_1,2026-04-02_to_2026-04-02_run_001,COMPLETED,5,3,/tmp/short_reclaim_timing_survival_diagnostic_2026-05-03/backtests/survival_confirm_1/2026-04-02_to_2026-04-02_run_001,3,3,0,0.6666666666666666,0.00071852,0.00084698,REJECT,FAIL,UNSTABLE,
favorable_close_confirm_1,2026-04-02_to_2026-04-02_run_001,COMPLETED,5,2,/tmp/short_reclaim_timing_survival_diagnostic_2026-05-03/backtests/favorable_close_confirm_1/2026-04-02_to_2026-04-02_run_001,2,2,0,0.5,0.00065430,0.00065430,REJECT,FAIL,UNSTABLE,
baseline_current,2026-04-03_to_2026-04-03_run_001,COMPLETED,7,7,/tmp/short_reclaim_timing_survival_diagnostic_2026-05-03/backtests/baseline_current/2026-04-03_to_2026-04-03_run_001,7,7,0,0.42857142857142855,0.00011609,-0.00014978,REJECT,FAIL,FRAGILE,
entry_delay_1,2026-04-03_to_2026-04-03_run_001,COMPLETED,7,7,/tmp/short_reclaim_timing_survival_diagnostic_2026-05-03/backtests/entry_delay_1/2026-04-03_to_2026-04-03_run_001,7,7,0,0.5714285714285714,0.00012109,0.00004464,REJECT,FAIL,FRAGILE,
entry_delay_2,2026-04-03_to_2026-04-03_run_001,COMPLETED,7,7,/tmp/short_reclaim_timing_survival_diagnostic_2026-05-03/backtests/entry_delay_2/2026-04-03_to_2026-04-03_run_001,7,7,0,0.7142857142857143,0.00023564,0.00005064,REJECT,FAIL,FRAGILE,
survival_confirm_1,2026-04-03_to_2026-04-03_run_001,COMPLETED,7,4,/tmp/short_reclaim_timing_survival_diagnostic_2026-05-03/backtests/survival_confirm_1/2026-04-03_to_2026-04-03_run_001,4,4,0,0.25,-0.00016472,-0.00031353,REJECT,FAIL,UNSTABLE,
favorable_close_confirm_1,2026-04-03_to_2026-04-03_run_001,COMPLETED,7,5,/tmp/short_reclaim_timing_survival_diagnostic_2026-05-03/backtests/favorable_close_confirm_1/2026-04-03_to_2026-04-03_run_001,5,5,0,0.4,0.00012576,-0.00022169,REJECT,FAIL,UNSTABLE,
baseline_current,2026-04-04_to_2026-04-04_run_001,COMPLETED,10,10,/tmp/short_reclaim_timing_survival_diagnostic_2026-05-03/backtests/baseline_current/2026-04-04_to_2026-04-04_run_001,10,10,0,0.4,-0.00008533,-0.00015362,REJECT,FAIL,UNSTABLE,
entry_delay_1,2026-04-04_to_2026-04-04_run_001,COMPLETED,10,10,/tmp/short_reclaim_timing_survival_diagnostic_2026-05-03/backtests/entry_delay_1/2026-04-04_to_2026-04-04_run_001,10,10,0,0.4,-0.00002202,-0.00002863,REJECT,FAIL,UNSTABLE,
entry_delay_2,2026-04-04_to_2026-04-04_run_001,COMPLETED,10,10,/tmp/short_reclaim_timing_survival_diagnostic_2026-05-03/backtests/entry_delay_2/2026-04-04_to_2026-04-04_run_001,10,10,0,0.6,0.00027553,0.00005892,REJECT,FAIL,UNSTABLE,
survival_confirm_1,2026-04-04_to_2026-04-04_run_001,COMPLETED,10,6,/tmp/short_reclaim_timing_survival_diagnostic_2026-05-03/backtests/survival_confirm_1/2026-04-04_to_2026-04-04_run_001,6,6,0,0.3333333333333333,-0.00005918,-0.00017905,REJECT,FAIL,UNSTABLE,
favorable_close_confirm_1,2026-04-04_to_2026-04-04_run_001,COMPLETED,10,3,/tmp/short_reclaim_timing_survival_diagnostic_2026-05-03/backtests/favorable_close_confirm_1/2026-04-04_to_2026-04-04_run_001,3,3,0,0.3333333333333333,-0.00004042,-0.00015508,REJECT,FAIL,UNSTABLE,
baseline_current,2026-04-05_to_2026-04-05_run_001,COMPLETED,8,8,/tmp/short_reclaim_timing_survival_diagnostic_2026-05-03/backtests/baseline_current/2026-04-05_to_2026-04-05_run_001,8,8,0,0.75,0.00013081,0.00003328,REJECT,FAIL,FRAGILE,
entry_delay_1,2026-04-05_to_2026-04-05_run_001,COMPLETED,8,8,/tmp/short_reclaim_timing_survival_diagnostic_2026-05-03/backtests/entry_delay_1/2026-04-05_to_2026-04-05_run_001,8,8,0,0.75,0.00030634,0.00018232,REJECT,FAIL,UNSTABLE,
entry_delay_2,2026-04-05_to_2026-04-05_run_001,COMPLETED,8,8,/tmp/short_reclaim_timing_survival_diagnostic_2026-05-03/backtests/entry_delay_2/2026-04-05_to_2026-04-05_run_001,8,8,0,0.625,0.00016313,0.00017000,REJECT,FAIL,UNSTABLE,
survival_confirm_1,2026-04-05_to_2026-04-05_run_001,COMPLETED,8,5,/tmp/short_reclaim_timing_survival_diagnostic_2026-05-03/backtests/survival_confirm_1/2026-04-05_to_2026-04-05_run_001,5,5,0,0.8,0.00044877,0.00017997,REJECT,FAIL,UNSTABLE,
favorable_close_confirm_1,2026-04-05_to_2026-04-05_run_001,COMPLETED,8,7,/tmp/short_reclaim_timing_survival_diagnostic_2026-05-03/backtests/favorable_close_confirm_1/2026-04-05_to_2026-04-05_run_001,7,7,0,0.7142857142857143,0.00030096,0.00017997,REJECT,FAIL,UNSTABLE,
baseline_current,2026-04-06_to_2026-04-06_run_001,COMPLETED,4,4,/tmp/short_reclaim_timing_survival_diagnostic_2026-05-03/backtests/baseline_current/2026-04-06_to_2026-04-06_run_001,4,4,0,0.75,0.00053874,0.00075638,REJECT,FAIL,UNSTABLE,
entry_delay_1,2026-04-06_to_2026-04-06_run_001,COMPLETED,4,4,/tmp/short_reclaim_timing_survival_diagnostic_2026-05-03/backtests/entry_delay_1/2026-04-06_to_2026-04-06_run_001,4,4,0,0.75,0.00024711,0.00096524,REJECT,FAIL,UNSTABLE,
entry_delay_2,2026-04-06_to_2026-04-06_run_001,COMPLETED,4,4,/tmp/short_reclaim_timing_survival_diagnostic_2026-05-03/backtests/entry_delay_2/2026-04-06_to_2026-04-06_run_001,4,4,0,0.5,0.00037950,0.00068927,REJECT,FAIL,UNSTABLE,
survival_confirm_1,2026-04-06_to_2026-04-06_run_001,COMPLETED,4,4,/tmp/short_reclaim_timing_survival_diagnostic_2026-05-03/backtests/survival_confirm_1/2026-04-06_to_2026-04-06_run_001,4,4,0,0.75,0.00024711,0.00096524,REJECT,FAIL,UNSTABLE,
favorable_close_confirm_1,2026-04-06_to_2026-04-06_run_001,COMPLETED,4,4,/tmp/short_reclaim_timing_survival_diagnostic_2026-05-03/backtests/favorable_close_confirm_1/2026-04-06_to_2026-04-06_run_001,4,4,0,0.75,0.00024711,0.00096524,REJECT,FAIL,UNSTABLE,
baseline_current,2026-04-07_to_2026-04-07_run_001,COMPLETED,3,3,/tmp/short_reclaim_timing_survival_diagnostic_2026-05-03/backtests/baseline_current/2026-04-07_to_2026-04-07_run_001,3,3,0,1.0,0.00017985,0.00021201,REJECT,FAIL,UNSTABLE,
entry_delay_1,2026-04-07_to_2026-04-07_run_001,COMPLETED,3,3,/tmp/short_reclaim_timing_survival_diagnostic_2026-05-03/backtests/entry_delay_1/2026-04-07_to_2026-04-07_run_001,3,3,0,0.6666666666666666,0.00021335,0.00074835,REJECT,FAIL,UNSTABLE,
entry_delay_2,2026-04-07_to_2026-04-07_run_001,COMPLETED,3,3,/tmp/short_reclaim_timing_survival_diagnostic_2026-05-03/backtests/entry_delay_2/2026-04-07_to_2026-04-07_run_001,3,3,0,0.3333333333333333,-0.00002738,-0.00060386,REJECT,FAIL,UNSTABLE,
survival_confirm_1,2026-04-07_to_2026-04-07_run_001,COMPLETED,3,2,/tmp/short_reclaim_timing_survival_diagnostic_2026-05-03/backtests/survival_confirm_1/2026-04-07_to_2026-04-07_run_001,2,2,0,0.5,-0.00005415,-0.00005415,REJECT,FAIL,UNSTABLE,
favorable_close_confirm_1,2026-04-07_to_2026-04-07_run_001,COMPLETED,3,3,/tmp/short_reclaim_timing_survival_diagnostic_2026-05-03/backtests/favorable_close_confirm_1/2026-04-07_to_2026-04-07_run_001,3,3,0,0.6666666666666666,0.00021335,0.00074835,REJECT,FAIL,UNSTABLE,
baseline_current,2026-04-08_to_2026-04-08_run_001,COMPLETED,8,8,/tmp/short_reclaim_timing_survival_diagnostic_2026-05-03/backtests/baseline_current/2026-04-08_to_2026-04-08_run_001,8,8,0,0.5,-0.00000521,0.00002824,REJECT,FAIL,FRAGILE,
entry_delay_1,2026-04-08_to_2026-04-08_run_001,COMPLETED,8,8,/tmp/short_reclaim_timing_survival_diagnostic_2026-05-03/backtests/entry_delay_1/2026-04-08_to_2026-04-08_run_001,8,8,0,0.5,-0.00017637,-0.00017620,REJECT,FAIL,UNSTABLE,
entry_delay_2,2026-04-08_to_2026-04-08_run_001,COMPLETED,8,8,/tmp/short_reclaim_timing_survival_diagnostic_2026-05-03/backtests/entry_delay_2/2026-04-08_to_2026-04-08_run_001,8,8,0,0.5,-0.00004013,-0.00002682,REJECT,FAIL,FRAGILE,
survival_confirm_1,2026-04-08_to_2026-04-08_run_001,COMPLETED,8,6,/tmp/short_reclaim_timing_survival_diagnostic_2026-05-03/backtests/survival_confirm_1/2026-04-08_to_2026-04-08_run_001,6,6,0,0.3333333333333333,-0.00025359,-0.00052956,REJECT,FAIL,UNSTABLE,
favorable_close_confirm_1,2026-04-08_to_2026-04-08_run_001,COMPLETED,8,5,/tmp/short_reclaim_timing_survival_diagnostic_2026-05-03/backtests/favorable_close_confirm_1/2026-04-08_to_2026-04-08_run_001,5,5,0,0.2,-0.00044704,-0.00069626,REJECT,FAIL,UNSTABLE,
baseline_current,2026-04-09_to_2026-04-09_run_001,COMPLETED,3,3,/tmp/short_reclaim_timing_survival_diagnostic_2026-05-03/backtests/baseline_current/2026-04-09_to_2026-04-09_run_001,3,3,0,0.6666666666666666,0.00041835,0.00036548,REJECT,FAIL,UNSTABLE,
entry_delay_1,2026-04-09_to_2026-04-09_run_001,COMPLETED,3,3,/tmp/short_reclaim_timing_survival_diagnostic_2026-05-03/backtests/entry_delay_1/2026-04-09_to_2026-04-09_run_001,3,3,0,0.6666666666666666,-0.00001562,0.00001840,REJECT,FAIL,UNSTABLE,
entry_delay_2,2026-04-09_to_2026-04-09_run_001,COMPLETED,3,3,/tmp/short_reclaim_timing_survival_diagnostic_2026-05-03/backtests/entry_delay_2/2026-04-09_to_2026-04-09_run_001,3,3,0,0.0,-0.00086970,-0.00105070,REJECT,FAIL,UNSTABLE,
survival_confirm_1,2026-04-09_to_2026-04-09_run_001,COMPLETED,3,2,/tmp/short_reclaim_timing_survival_diagnostic_2026-05-03/backtests/survival_confirm_1/2026-04-09_to_2026-04-09_run_001,2,2,0,0.5,-0.00003264,-0.00003264,REJECT,FAIL,UNSTABLE,
favorable_close_confirm_1,2026-04-09_to_2026-04-09_run_001,COMPLETED,3,2,/tmp/short_reclaim_timing_survival_diagnostic_2026-05-03/backtests/favorable_close_confirm_1/2026-04-09_to_2026-04-09_run_001,2,2,0,0.5,-0.00003264,-0.00003264,REJECT,FAIL,UNSTABLE,
baseline_current,2026-04-09_to_2026-04-09_run_002,COMPLETED,3,3,/tmp/short_reclaim_timing_survival_diagnostic_2026-05-03/backtests/baseline_current/2026-04-09_to_2026-04-09_run_002,3,3,0,0.6666666666666666,0.00041835,0.00036548,REJECT,FAIL,UNSTABLE,
entry_delay_1,2026-04-09_to_2026-04-09_run_002,COMPLETED,3,3,/tmp/short_reclaim_timing_survival_diagnostic_2026-05-03/backtests/entry_delay_1/2026-04-09_to_2026-04-09_run_002,3,3,0,0.6666666666666666,-0.00001562,0.00001840,REJECT,FAIL,UNSTABLE,
entry_delay_2,2026-04-09_to_2026-04-09_run_002,COMPLETED,3,3,/tmp/short_reclaim_timing_survival_diagnostic_2026-05-03/backtests/entry_delay_2/2026-04-09_to_2026-04-09_run_002,3,3,0,0.0,-0.00086970,-0.00105070,REJECT,FAIL,UNSTABLE,
survival_confirm_1,2026-04-09_to_2026-04-09_run_002,COMPLETED,3,2,/tmp/short_reclaim_timing_survival_diagnostic_2026-05-03/backtests/survival_confirm_1/2026-04-09_to_2026-04-09_run_002,2,2,0,0.5,-0.00003264,-0.00003264,REJECT,FAIL,UNSTABLE,
favorable_close_confirm_1,2026-04-09_to_2026-04-09_run_002,COMPLETED,3,2,/tmp/short_reclaim_timing_survival_diagnostic_2026-05-03/backtests/favorable_close_confirm_1/2026-04-09_to_2026-04-09_run_002,2,2,0,0.5,-0.00003264,-0.00003264,REJECT,FAIL,UNSTABLE,
baseline_current,2026-04-09_to_2026-04-09_run_003,COMPLETED,3,3,/tmp/short_reclaim_timing_survival_diagnostic_2026-05-03/backtests/baseline_current/2026-04-09_to_2026-04-09_run_003,3,3,0,0.6666666666666666,0.00041835,0.00036548,REJECT,FAIL,UNSTABLE,
entry_delay_1,2026-04-09_to_2026-04-09_run_003,COMPLETED,3,3,/tmp/short_reclaim_timing_survival_diagnostic_2026-05-03/backtests/entry_delay_1/2026-04-09_to_2026-04-09_run_003,3,3,0,0.6666666666666666,-0.00001562,0.00001840,REJECT,FAIL,UNSTABLE,
entry_delay_2,2026-04-09_to_2026-04-09_run_003,COMPLETED,3,3,/tmp/short_reclaim_timing_survival_diagnostic_2026-05-03/backtests/entry_delay_2/2026-04-09_to_2026-04-09_run_003,3,3,0,0.0,-0.00086970,-0.00105070,REJECT,FAIL,UNSTABLE,
survival_confirm_1,2026-04-09_to_2026-04-09_run_003,COMPLETED,3,2,/tmp/short_reclaim_timing_survival_diagnostic_2026-05-03/backtests/survival_confirm_1/2026-04-09_to_2026-04-09_run_003,2,2,0,0.5,-0.00003264,-0.00003264,REJECT,FAIL,UNSTABLE,
favorable_close_confirm_1,2026-04-09_to_2026-04-09_run_003,COMPLETED,3,2,/tmp/short_reclaim_timing_survival_diagnostic_2026-05-03/backtests/favorable_close_confirm_1/2026-04-09_to_2026-04-09_run_003,2,2,0,0.5,-0.00003264,-0.00003264,REJECT,FAIL,UNSTABLE,
baseline_current,2026-04-10_to_2026-04-10_run_001,COMPLETED,6,6,/tmp/short_reclaim_timing_survival_diagnostic_2026-05-03/backtests/baseline_current/2026-04-10_to_2026-04-10_run_001,6,6,0,0.6666666666666666,0.00007471,0.00018371,REJECT,FAIL,UNSTABLE,
entry_delay_1,2026-04-10_to_2026-04-10_run_001,COMPLETED,6,6,/tmp/short_reclaim_timing_survival_diagnostic_2026-05-03/backtests/entry_delay_1/2026-04-10_to_2026-04-10_run_001,6,6,0,0.6666666666666666,0.00008588,0.00022240,REJECT,FAIL,UNSTABLE,
entry_delay_2,2026-04-10_to_2026-04-10_run_001,COMPLETED,6,6,/tmp/short_reclaim_timing_survival_diagnostic_2026-05-03/backtests/entry_delay_2/2026-04-10_to_2026-04-10_run_001,6,6,0,0.5,0.00049903,0.00034727,REJECT,FAIL,UNSTABLE,
survival_confirm_1,2026-04-10_to_2026-04-10_run_001,COMPLETED,6,4,/tmp/short_reclaim_timing_survival_diagnostic_2026-05-03/backtests/survival_confirm_1/2026-04-10_to_2026-04-10_run_001,4,4,0,0.75,0.00069549,0.00038272,REJECT,FAIL,UNSTABLE,
favorable_close_confirm_1,2026-04-10_to_2026-04-10_run_001,COMPLETED,6,2,/tmp/short_reclaim_timing_survival_diagnostic_2026-05-03/backtests/favorable_close_confirm_1/2026-04-10_to_2026-04-10_run_001,2,2,0,0.5,-0.00005845,-0.00005845,REJECT,FAIL,UNSTABLE,
baseline_current,2026-04-11_to_2026-04-11_run_001,COMPLETED,5,5,/tmp/short_reclaim_timing_survival_diagnostic_2026-05-03/backtests/baseline_current/2026-04-11_to_2026-04-11_run_001,5,5,0,0.2,-0.00010378,-0.00022753,REJECT,FAIL,UNSTABLE,
entry_delay_1,2026-04-11_to_2026-04-11_run_001,COMPLETED,5,5,/tmp/short_reclaim_timing_survival_diagnostic_2026-05-03/backtests/entry_delay_1/2026-04-11_to_2026-04-11_run_001,5,5,0,0.4,-0.00002132,-0.00011478,REJECT,FAIL,UNSTABLE,
entry_delay_2,2026-04-11_to_2026-04-11_run_001,COMPLETED,5,5,/tmp/short_reclaim_timing_survival_diagnostic_2026-05-03/backtests/entry_delay_2/2026-04-11_to_2026-04-11_run_001,5,5,0,0.8,0.00018907,0.00013931,REJECT,FAIL,UNSTABLE,
survival_confirm_1,2026-04-11_to_2026-04-11_run_001,COMPLETED,5,4,/tmp/short_reclaim_timing_survival_diagnostic_2026-05-03/backtests/survival_confirm_1/2026-04-11_to_2026-04-11_run_001,4,4,0,0.25,-0.00005168,-0.00015396,REJECT,FAIL,UNSTABLE,
favorable_close_confirm_1,2026-04-11_to_2026-04-11_run_001,SKIPPED_NO_SETUPS,5,0,,,,,,,,,,,no selected setups after timing transform
baseline_current,2026-04-12_to_2026-04-12_run_001,COMPLETED,7,7,/tmp/short_reclaim_timing_survival_diagnostic_2026-05-03/backtests/baseline_current/2026-04-12_to_2026-04-12_run_001,7,7,0,0.42857142857142855,0.00049981,-0.00005531,REJECT,FAIL,FRAGILE,
entry_delay_1,2026-04-12_to_2026-04-12_run_001,COMPLETED,7,7,/tmp/short_reclaim_timing_survival_diagnostic_2026-05-03/backtests/entry_delay_1/2026-04-12_to_2026-04-12_run_001,7,7,0,0.2857142857142857,0.00032090,-0.00023010,REJECT,FAIL,FRAGILE,
entry_delay_2,2026-04-12_to_2026-04-12_run_001,COMPLETED,7,7,/tmp/short_reclaim_timing_survival_diagnostic_2026-05-03/backtests/entry_delay_2/2026-04-12_to_2026-04-12_run_001,7,7,0,0.5714285714285714,-0.00000122,0.00011463,REJECT,FAIL,FRAGILE,
survival_confirm_1,2026-04-12_to_2026-04-12_run_001,COMPLETED,7,5,/tmp/short_reclaim_timing_survival_diagnostic_2026-05-03/backtests/survival_confirm_1/2026-04-12_to_2026-04-12_run_001,5,5,0,0.2,0.00052033,-0.00023010,REJECT,FAIL,UNSTABLE,
favorable_close_confirm_1,2026-04-12_to_2026-04-12_run_001,COMPLETED,7,4,/tmp/short_reclaim_timing_survival_diagnostic_2026-05-03/backtests/favorable_close_confirm_1/2026-04-12_to_2026-04-12_run_001,4,4,0,0.25,0.00069984,-0.00025412,REJECT,FAIL,UNSTABLE,
baseline_current,2026-04-13_to_2026-04-13_run_001,COMPLETED,3,3,/tmp/short_reclaim_timing_survival_diagnostic_2026-05-03/backtests/baseline_current/2026-04-13_to_2026-04-13_run_001,3,3,0,0.6666666666666666,-0.00038681,0.00027052,REJECT,FAIL,UNSTABLE,
entry_delay_1,2026-04-13_to_2026-04-13_run_001,COMPLETED,3,3,/tmp/short_reclaim_timing_survival_diagnostic_2026-05-03/backtests/entry_delay_1/2026-04-13_to_2026-04-13_run_001,3,3,0,0.3333333333333333,-0.00064497,-0.00088320,REJECT,FAIL,UNSTABLE,
entry_delay_2,2026-04-13_to_2026-04-13_run_001,COMPLETED,3,3,/tmp/short_reclaim_timing_survival_diagnostic_2026-05-03/backtests/entry_delay_2/2026-04-13_to_2026-04-13_run_001,3,3,0,0.0,-0.00076237,-0.00068000,REJECT,FAIL,UNSTABLE,
survival_confirm_1,2026-04-13_to_2026-04-13_run_001,COMPLETED,3,3,/tmp/short_reclaim_timing_survival_diagnostic_2026-05-03/backtests/survival_confirm_1/2026-04-13_to_2026-04-13_run_001,3,3,0,0.3333333333333333,-0.00064497,-0.00088320,REJECT,FAIL,UNSTABLE,
favorable_close_confirm_1,2026-04-13_to_2026-04-13_run_001,COMPLETED,3,2,/tmp/short_reclaim_timing_survival_diagnostic_2026-05-03/backtests/favorable_close_confirm_1/2026-04-13_to_2026-04-13_run_001,2,2,0,0.5,-0.00029183,-0.00029183,REJECT,FAIL,UNSTABLE,
baseline_current,2026-04-14_to_2026-04-14_run_001,COMPLETED,2,2,/tmp/short_reclaim_timing_survival_diagnostic_2026-05-03/backtests/baseline_current/2026-04-14_to_2026-04-14_run_001,2,2,0,0.0,-0.00083552,-0.00083552,REJECT,FAIL,UNSTABLE,
entry_delay_1,2026-04-14_to_2026-04-14_run_001,COMPLETED,2,2,/tmp/short_reclaim_timing_survival_diagnostic_2026-05-03/backtests/entry_delay_1/2026-04-14_to_2026-04-14_run_001,2,2,0,0.0,-0.00098263,-0.00098263,REJECT,FAIL,UNSTABLE,
entry_delay_2,2026-04-14_to_2026-04-14_run_001,COMPLETED,2,2,/tmp/short_reclaim_timing_survival_diagnostic_2026-05-03/backtests/entry_delay_2/2026-04-14_to_2026-04-14_run_001,2,2,0,0.0,-0.00097195,-0.00097195,REJECT,FAIL,UNSTABLE,
survival_confirm_1,2026-04-14_to_2026-04-14_run_001,COMPLETED,2,2,/tmp/short_reclaim_timing_survival_diagnostic_2026-05-03/backtests/survival_confirm_1/2026-04-14_to_2026-04-14_run_001,2,2,0,0.0,-0.00098263,-0.00098263,REJECT,FAIL,UNSTABLE,
favorable_close_confirm_1,2026-04-14_to_2026-04-14_run_001,COMPLETED,2,2,/tmp/short_reclaim_timing_survival_diagnostic_2026-05-03/backtests/favorable_close_confirm_1/2026-04-14_to_2026-04-14_run_001,2,2,0,0.0,-0.00098263,-0.00098263,REJECT,FAIL,UNSTABLE,
baseline_current,2026-04-15_to_2026-04-15_run_001,COMPLETED,5,5,/tmp/short_reclaim_timing_survival_diagnostic_2026-05-03/backtests/baseline_current/2026-04-15_to_2026-04-15_run_001,5,5,0,0.6,0.00062265,0.00006018,REJECT,FAIL,UNSTABLE,
entry_delay_1,2026-04-15_to_2026-04-15_run_001,COMPLETED,5,5,/tmp/short_reclaim_timing_survival_diagnostic_2026-05-03/backtests/entry_delay_1/2026-04-15_to_2026-04-15_run_001,5,5,0,0.8,0.00100852,0.00024703,REJECT,FAIL,UNSTABLE,
entry_delay_2,2026-04-15_to_2026-04-15_run_001,COMPLETED,5,5,/tmp/short_reclaim_timing_survival_diagnostic_2026-05-03/backtests/entry_delay_2/2026-04-15_to_2026-04-15_run_001,5,5,0,0.6,0.00080019,0.00123586,REJECT,FAIL,UNSTABLE,
survival_confirm_1,2026-04-15_to_2026-04-15_run_001,COMPLETED,5,3,/tmp/short_reclaim_timing_survival_diagnostic_2026-05-03/backtests/survival_confirm_1/2026-04-15_to_2026-04-15_run_001,3,3,0,0.6666666666666666,0.00154630,0.00140109,REJECT,FAIL,UNSTABLE,
favorable_close_confirm_1,2026-04-15_to_2026-04-15_run_001,COMPLETED,5,2,/tmp/short_reclaim_timing_survival_diagnostic_2026-05-03/backtests/favorable_close_confirm_1/2026-04-15_to_2026-04-15_run_001,2,2,0,0.5,0.00055005,0.00055005,REJECT,FAIL,UNSTABLE,
baseline_current,2026-04-16_to_2026-04-16_run_001,COMPLETED,3,3,/tmp/short_reclaim_timing_survival_diagnostic_2026-05-03/backtests/baseline_current/2026-04-16_to_2026-04-16_run_001,3,3,0,0.6666666666666666,0.00062089,0.00069469,REJECT,FAIL,UNSTABLE,
entry_delay_1,2026-04-16_to_2026-04-16_run_001,COMPLETED,3,3,/tmp/short_reclaim_timing_survival_diagnostic_2026-05-03/backtests/entry_delay_1/2026-04-16_to_2026-04-16_run_001,3,3,0,0.6666666666666666,0.00031761,0.00040965,REJECT,FAIL,UNSTABLE,
entry_delay_2,2026-04-16_to_2026-04-16_run_001,COMPLETED,3,3,/tmp/short_reclaim_timing_survival_diagnostic_2026-05-03/backtests/entry_delay_2/2026-04-16_to_2026-04-16_run_001,3,3,0,1.0,0.00040093,0.00016703,REJECT,FAIL,UNSTABLE,
survival_confirm_1,2026-04-16_to_2026-04-16_run_001,COMPLETED,3,2,/tmp/short_reclaim_timing_survival_diagnostic_2026-05-03/backtests/survival_confirm_1/2026-04-16_to_2026-04-16_run_001,2,2,0,1.0,0.00066802,0.00066802,REJECT,FAIL,UNSTABLE,
favorable_close_confirm_1,2026-04-16_to_2026-04-16_run_001,COMPLETED,3,2,/tmp/short_reclaim_timing_survival_diagnostic_2026-05-03/backtests/favorable_close_confirm_1/2026-04-16_to_2026-04-16_run_001,2,2,0,0.5,0.00001322,0.00001322,REJECT,FAIL,UNSTABLE,
baseline_current,2026-04-17_to_2026-04-17_run_001,COMPLETED,6,6,/tmp/short_reclaim_timing_survival_diagnostic_2026-05-03/backtests/baseline_current/2026-04-17_to_2026-04-17_run_001,6,6,0,0.16666666666666666,-0.00031020,-0.00005863,REJECT,FAIL,FRAGILE,
entry_delay_1,2026-04-17_to_2026-04-17_run_001,COMPLETED,6,6,/tmp/short_reclaim_timing_survival_diagnostic_2026-05-03/backtests/entry_delay_1/2026-04-17_to_2026-04-17_run_001,6,6,0,0.8333333333333334,0.00059066,0.00044988,REJECT,FAIL,FRAGILE,
entry_delay_2,2026-04-17_to_2026-04-17_run_001,COMPLETED,6,6,/tmp/short_reclaim_timing_survival_diagnostic_2026-05-03/backtests/entry_delay_2/2026-04-17_to_2026-04-17_run_001,6,6,0,0.6666666666666666,-0.00010419,0.00018584,REJECT,FAIL,FRAGILE,
survival_confirm_1,2026-04-17_to_2026-04-17_run_001,COMPLETED,6,2,/tmp/short_reclaim_timing_survival_diagnostic_2026-05-03/backtests/survival_confirm_1/2026-04-17_to_2026-04-17_run_001,2,2,0,0.5,0.00086030,0.00086030,REJECT,FAIL,UNSTABLE,
favorable_close_confirm_1,2026-04-17_to_2026-04-17_run_001,COMPLETED,6,1,/tmp/short_reclaim_timing_survival_diagnostic_2026-05-03/backtests/favorable_close_confirm_1/2026-04-17_to_2026-04-17_run_001,1,1,0,1.0,0.00448000,0.00448000,REJECT,FAIL,UNSTABLE,
baseline_current,2026-04-18_to_2026-04-18_run_001,COMPLETED,13,13,/tmp/short_reclaim_timing_survival_diagnostic_2026-05-03/backtests/baseline_current/2026-04-18_to_2026-04-18_run_001,13,13,0,0.38461538461538464,-0.00022233,-0.00017122,REJECT,FAIL,UNSTABLE,
entry_delay_1,2026-04-18_to_2026-04-18_run_001,COMPLETED,13,13,/tmp/short_reclaim_timing_survival_diagnostic_2026-05-03/backtests/entry_delay_1/2026-04-18_to_2026-04-18_run_001,13,13,0,0.5384615384615384,-0.00014806,0.00000972,REJECT,FAIL,UNSTABLE,
entry_delay_2,2026-04-18_to_2026-04-18_run_001,COMPLETED,13,13,/tmp/short_reclaim_timing_survival_diagnostic_2026-05-03/backtests/entry_delay_2/2026-04-18_to_2026-04-18_run_001,13,13,0,0.46153846153846156,-0.00018035,-0.00012354,REJECT,FAIL,UNSTABLE,
survival_confirm_1,2026-04-18_to_2026-04-18_run_001,COMPLETED,13,6,/tmp/short_reclaim_timing_survival_diagnostic_2026-05-03/backtests/survival_confirm_1/2026-04-18_to_2026-04-18_run_001,6,6,0,0.16666666666666666,-0.00061848,-0.00040701,REJECT,FAIL,UNSTABLE,
favorable_close_confirm_1,2026-04-18_to_2026-04-18_run_001,COMPLETED,13,6,/tmp/short_reclaim_timing_survival_diagnostic_2026-05-03/backtests/favorable_close_confirm_1/2026-04-18_to_2026-04-18_run_001,6,6,0,0.16666666666666666,-0.00062213,-0.00050416,REJECT,FAIL,UNSTABLE,
baseline_current,2026-04-19_to_2026-04-19_run_001,COMPLETED,8,8,/tmp/short_reclaim_timing_survival_diagnostic_2026-05-03/backtests/baseline_current/2026-04-19_to_2026-04-19_run_001,8,8,0,0.5,0.00022176,0.00018625,REJECT,FAIL,UNSTABLE,
entry_delay_1,2026-04-19_to_2026-04-19_run_001,COMPLETED,8,8,/tmp/short_reclaim_timing_survival_diagnostic_2026-05-03/backtests/entry_delay_1/2026-04-19_to_2026-04-19_run_001,8,8,0,0.625,0.00085849,0.00083815,REJECT,FAIL,UNSTABLE,
entry_delay_2,2026-04-19_to_2026-04-19_run_001,COMPLETED,8,8,/tmp/short_reclaim_timing_survival_diagnostic_2026-05-03/backtests/entry_delay_2/2026-04-19_to_2026-04-19_run_001,8,8,0,0.875,0.00068702,0.00067385,REJECT,FAIL,UNSTABLE,
survival_confirm_1,2026-04-19_to_2026-04-19_run_001,COMPLETED,8,5,/tmp/short_reclaim_timing_survival_diagnostic_2026-05-03/backtests/survival_confirm_1/2026-04-19_to_2026-04-19_run_001,5,5,0,0.8,0.00129301,0.00135668,REJECT,FAIL,UNSTABLE,
favorable_close_confirm_1,2026-04-19_to_2026-04-19_run_001,COMPLETED,8,4,/tmp/short_reclaim_timing_survival_diagnostic_2026-05-03/backtests/favorable_close_confirm_1/2026-04-19_to_2026-04-19_run_001,4,4,0,1.0,0.00189625,0.00138790,REJECT,FAIL,UNSTABLE,
baseline_current,2026-04-20_to_2026-04-20_run_001,COMPLETED,5,5,/tmp/short_reclaim_timing_survival_diagnostic_2026-05-03/backtests/baseline_current/2026-04-20_to_2026-04-20_run_001,5,5,0,0.6,0.00023502,0.00004457,REJECT,FAIL,UNSTABLE,
entry_delay_1,2026-04-20_to_2026-04-20_run_001,COMPLETED,5,5,/tmp/short_reclaim_timing_survival_diagnostic_2026-05-03/backtests/entry_delay_1/2026-04-20_to_2026-04-20_run_001,5,5,0,0.8,0.00027465,0.00038044,REJECT,FAIL,UNSTABLE,
entry_delay_2,2026-04-20_to_2026-04-20_run_001,COMPLETED,5,5,/tmp/short_reclaim_timing_survival_diagnostic_2026-05-03/backtests/entry_delay_2/2026-04-20_to_2026-04-20_run_001,5,5,0,0.8,0.00030004,0.00026142,REJECT,FAIL,UNSTABLE,
survival_confirm_1,2026-04-20_to_2026-04-20_run_001,COMPLETED,5,3,/tmp/short_reclaim_timing_survival_diagnostic_2026-05-03/backtests/survival_confirm_1/2026-04-20_to_2026-04-20_run_001,3,3,0,0.6666666666666666,0.00019965,0.00038044,REJECT,FAIL,UNSTABLE,
favorable_close_confirm_1,2026-04-20_to_2026-04-20_run_001,COMPLETED,5,1,/tmp/short_reclaim_timing_survival_diagnostic_2026-05-03/backtests/favorable_close_confirm_1/2026-04-20_to_2026-04-20_run_001,1,1,0,1.0,0.00038044,0.00038044,REJECT,FAIL,UNSTABLE,
baseline_current,2026-04-21_to_2026-04-21_run_001,COMPLETED,5,5,/tmp/short_reclaim_timing_survival_diagnostic_2026-05-03/backtests/baseline_current/2026-04-21_to_2026-04-21_run_001,5,5,0,0.8,0.00056409,0.00055353,REJECT,FAIL,UNSTABLE,
entry_delay_1,2026-04-21_to_2026-04-21_run_001,COMPLETED,5,5,/tmp/short_reclaim_timing_survival_diagnostic_2026-05-03/backtests/entry_delay_1/2026-04-21_to_2026-04-21_run_001,5,5,0,0.4,0.00033155,-0.00008364,REJECT,FAIL,UNSTABLE,
entry_delay_2,2026-04-21_to_2026-04-21_run_001,COMPLETED,5,5,/tmp/short_reclaim_timing_survival_diagnostic_2026-05-03/backtests/entry_delay_2/2026-04-21_to_2026-04-21_run_001,5,5,0,0.8,0.00053785,0.00013170,REJECT,FAIL,UNSTABLE,
survival_confirm_1,2026-04-21_to_2026-04-21_run_001,COMPLETED,5,5,/tmp/short_reclaim_timing_survival_diagnostic_2026-05-03/backtests/survival_confirm_1/2026-04-21_to_2026-04-21_run_001,5,5,0,0.4,0.00033155,-0.00008364,REJECT,FAIL,UNSTABLE,
favorable_close_confirm_1,2026-04-21_to_2026-04-21_run_001,COMPLETED,5,4,/tmp/short_reclaim_timing_survival_diagnostic_2026-05-03/backtests/favorable_close_confirm_1/2026-04-21_to_2026-04-21_run_001,4,4,0,0.5,0.00043534,0.00050446,REJECT,FAIL,UNSTABLE,
baseline_current,2026-04-22_to_2026-04-22_run_001,COMPLETED,8,8,/tmp/short_reclaim_timing_survival_diagnostic_2026-05-03/backtests/baseline_current/2026-04-22_to_2026-04-22_run_001,8,8,0,0.5,0.00007341,0.00002714,REJECT,FAIL,FRAGILE,
entry_delay_1,2026-04-22_to_2026-04-22_run_001,COMPLETED,8,8,/tmp/short_reclaim_timing_survival_diagnostic_2026-05-03/backtests/entry_delay_1/2026-04-22_to_2026-04-22_run_001,8,8,0,0.875,0.00063179,0.00053097,REJECT,FAIL,UNSTABLE,
entry_delay_2,2026-04-22_to_2026-04-22_run_001,COMPLETED,8,8,/tmp/short_reclaim_timing_survival_diagnostic_2026-05-03/backtests/entry_delay_2/2026-04-22_to_2026-04-22_run_001,8,8,0,0.625,0.00028359,0.00023274,REJECT,FAIL,FRAGILE,
survival_confirm_1,2026-04-22_to_2026-04-22_run_001,COMPLETED,8,5,/tmp/short_reclaim_timing_survival_diagnostic_2026-05-03/backtests/survival_confirm_1/2026-04-22_to_2026-04-22_run_001,5,5,0,0.8,0.00076414,0.00077182,REJECT,FAIL,UNSTABLE,
favorable_close_confirm_1,2026-04-22_to_2026-04-22_run_001,COMPLETED,8,5,/tmp/short_reclaim_timing_survival_diagnostic_2026-05-03/backtests/favorable_close_confirm_1/2026-04-22_to_2026-04-22_run_001,5,5,0,0.8,0.00061969,0.00044585,REJECT,FAIL,UNSTABLE,
baseline_current,2026-04-23_to_2026-04-23_run_001,COMPLETED,5,5,/tmp/short_reclaim_timing_survival_diagnostic_2026-05-03/backtests/baseline_current/2026-04-23_to_2026-04-23_run_001,5,5,0,0.0,-0.00036833,-0.00034488,REJECT,FAIL,UNSTABLE,
entry_delay_1,2026-04-23_to_2026-04-23_run_001,COMPLETED,5,5,/tmp/short_reclaim_timing_survival_diagnostic_2026-05-03/backtests/entry_delay_1/2026-04-23_to_2026-04-23_run_001,5,5,0,0.8,0.00030829,0.00022054,REJECT,FAIL,UNSTABLE,
entry_delay_2,2026-04-23_to_2026-04-23_run_001,COMPLETED,5,5,/tmp/short_reclaim_timing_survival_diagnostic_2026-05-03/backtests/entry_delay_2/2026-04-23_to_2026-04-23_run_001,5,5,0,1.0,0.00027487,0.00029517,REJECT,FAIL,UNSTABLE,
survival_confirm_1,2026-04-23_to_2026-04-23_run_001,SKIPPED_NO_SETUPS,5,0,,,,,,,,,,,no selected setups after timing transform
favorable_close_confirm_1,2026-04-23_to_2026-04-23_run_001,COMPLETED,5,1,/tmp/short_reclaim_timing_survival_diagnostic_2026-05-03/backtests/favorable_close_confirm_1/2026-04-23_to_2026-04-23_run_001,1,1,0,0.0,-0.00012240,-0.00012240,REJECT,FAIL,UNSTABLE,
