group,run_id,setup_id,entry_signal_ts,entry_activation_ts,exit_ts,exit_reason,exit_reason_category,holding_bars,entry_price_effective,initial_stop_price,initial_target_price,exit_price_effective,trade_return,outcome_return,mfe,mae,replay_minus_outcome,stop_distance,target_distance,target_to_stop_ratio,mfe_to_target,adverse_to_stop,horizon_mfe_reached_target,horizon_adverse_reached_stop,same_bar_collision,notes
outcome_positive_replay_negative,2026-03-13_to_2026-03-13_run_002,e9048ff4392a357baa2e9ef4,2026-03-13 14:54:00+00:00,2026-03-13 14:55:00+00:00,2026-03-13 14:55:00+00:00,STOP_LOSS,STOP,0.00000000,72473.40000000,72547.00000000,72363.00000000,72547.00000000,-0.00101555,0.00289468,0.00545440,-0.00191186,-0.00391022,0.00101555,0.00152332,1.50000000,3.58060287,1.88259901,True,True,False,entry_price_convention=next_bar_open | stop_hit | target_not_hit | stop_hit_resolved | expiry_start_semantics=AFTER_ACTIVATION; expiry_model=BARS_AFTER_ACTIVATION:12; bars_since_activation=0; expiry_due=False
outcome_positive_replay_negative,2026-03-14_to_2026-03-14_run_001,9a7c218cd57b2a6f2485d4c9,2026-03-14 12:34:00+00:00,2026-03-14 12:35:00+00:00,2026-03-14 12:47:00+00:00,EXPIRY,EXPIRY,12.00000000,70649.50000000,70707.00000000,70563.25000000,70659.10000000,-0.00013588,0.00056713,0.00196586,0.00041721,-0.00070301,0.00081388,0.00122082,1.50000000,1.61028363,0.00000000,True,False,False,entry_price_convention=next_bar_open | stop_not_hit | target_not_hit | close_not_resolved_step2a | expiry_start_semantics=AFTER_ACTIVATION; expiry_model=BARS_AFTER_ACTIVATION:12; bars_since_activation=0; expiry_due=False | stop_not_hit | target_not_hit | close_not_resolved_step2a | expiry_start_semantics=AFTER_ACTIVATION; expiry_model=BARS_AFTER_ACTIVATION:12; bars_since_activation=1; expiry_due=False | stop_not_hit | target_not_hit | close_not_resolved_step2a | expiry_start_semantics=AFTER_ACTIVATION; expiry_model=BARS_AFTER_ACTIVATION:12; bars_since_activation=2; expiry_due=False | stop_not_hit | target_not_hit | close_not_resolved_step2a | expiry_start_semantics=AFTER_ACTIVATION; expiry_model=BARS_AFTER_ACTIVATION:12; bars_since_activation=3; expiry_due=False | stop_not_hit | target_not_hit | close_not_resolved_step2a | expiry_start_semantics=AFTER_ACTIVATION; expiry_model=BARS_AFTER_ACTIVATION:12; bars_since_activation=4; expiry_due=False | stop_not_hit | target_not_hit | close_not_resolved_step2a | expiry_start_semantics=AFTER_ACTIVATION; expiry_model=BARS_AFTER_ACTIVATION:12; bars_since_activation=5; expiry_due=False | stop_not_hit | target_not_hit | close_not_resolved_step2a | expiry_start_semantics=AFTER_ACTIVATION; expiry_model=BARS_AFTER_ACTIVATION:12; bars_since_activation=6; expiry_due=False | stop_not_hit | target_not_hit | close_not_resolved_step2a | expiry_start_semantics=AFTER_ACTIVATION; expiry_model=BARS_AFTER_ACTIVATION:12; bars_since_activation=7; expiry_due=False | stop_not_hit | target_not_hit | close_not_resolved_step2a | expiry_start_semantics=AFTER_ACTIVATION; expiry_model=BARS_AFTER_ACTIVATION:12; bars_since_activation=8; expiry_due=False | stop_not_hit | target_not_hit | close_not_resolved_step2a | expiry_start_semantics=AFTER_ACTIVATION; expiry_model=BARS_AFTER_ACTIVATION:12; bars_since_activation=9; expiry_due=False | stop_not_hit | target_not_hit | close_not_resolved_step2a | expiry_start_semantics=AFTER_ACTIVATION; expiry_model=BARS_AFTER_ACTIVATION:12; bars_since_activation=10; expiry_due=False | stop_not_hit | target_not_hit | close_not_resolved_step2a | expiry_start_semantics=AFTER_ACTIVATION; expiry_model=BARS_AFTER_ACTIVATION:12; bars_since_activation=11; expiry_due=False | stop_not_hit | target_not_hit | expiry_hit_bars_after_activation=12 | expiry_start_semantics=AFTER_ACTIVATION; expiry_model=BARS_AFTER_ACTIVATION:12; bars_since_activation=12; expiry_due=True
outcome_positive_replay_negative,2026-03-14_to_2026-03-14_run_001,b09669f4694077692d1c11e2,2026-03-14 20:26:00+00:00,2026-03-14 20:27:00+00:00,2026-03-14 20:28:00+00:00,STOP_LOSS,STOP,1.00000000,70698.50000000,70707.90000000,70684.40000000,70707.90000000,-0.00013296,0.00003819,0.00019234,-0.00013294,-0.00017114,0.00013296,0.00019944,1.50000000,0.96441078,0.99986706,False,False,False,entry_price_convention=next_bar_open | stop_not_hit | target_not_hit | close_not_resolved_step2a | expiry_start_semantics=AFTER_ACTIVATION; expiry_model=BARS_AFTER_ACTIVATION:12; bars_since_activation=0; expiry_due=False | stop_hit | target_not_hit | stop_hit_resolved | expiry_start_semantics=AFTER_ACTIVATION; expiry_model=BARS_AFTER_ACTIVATION:12; bars_since_activation=1; expiry_due=False
outcome_positive_replay_negative,2026-03-14_to_2026-03-14_run_001,eb7c53c74c4e1cd4ff7d3149,2026-03-14 22:10:00+00:00,2026-03-14 22:11:00+00:00,2026-03-14 22:11:00+00:00,STOP_LOSS,STOP,0.00000000,70696.10000000,70707.90000000,70678.40000000,70707.90000000,-0.00016691,0.00031962,0.00053742,-0.00013577,-0.00048654,0.00016691,0.00025037,1.50000000,2.14653437,0.81342355,True,False,False,entry_price_convention=next_bar_open | stop_hit | target_not_hit | stop_hit_resolved | expiry_start_semantics=AFTER_ACTIVATION; expiry_model=BARS_AFTER_ACTIVATION:12; bars_since_activation=0; expiry_due=False
outcome_positive_replay_negative,2026-03-15_to_2026-03-15_run_001,6803bd368e510c07e556a394,2026-03-15 05:27:00+00:00,2026-03-15 05:28:00+00:00,2026-03-15 05:29:00+00:00,STOP_LOSS,STOP,1.00000000,71565.90000000,71599.90000000,71514.90000000,71599.90000000,-0.00047509,0.00054190,0.00099022,-0.00034637,-0.00101699,0.00047509,0.00071263,1.50000000,1.38953593,0.72906540,True,False,False,entry_price_convention=next_bar_open | stop_not_hit | target_not_hit | close_not_resolved_step2a | expiry_start_semantics=AFTER_ACTIVATION; expiry_model=BARS_AFTER_ACTIVATION:12; bars_since_activation=0; expiry_due=False | stop_hit | target_not_hit | stop_hit_resolved | expiry_start_semantics=AFTER_ACTIVATION; expiry_model=BARS_AFTER_ACTIVATION:12; bars_since_activation=1; expiry_due=False
outcome_positive_replay_negative,2026-03-16_to_2026-03-16_run_001,88a576f65861997c2f98cc1d,2026-03-16 21:22:00+00:00,2026-03-16 21:23:00+00:00,2026-03-16 21:35:00+00:00,STOP_LOSS,STOP,12.00000000,74216.40000000,74399.90000000,73941.15000000,74399.90000000,-0.00247250,0.00111290,0.00334006,0.00083737,-0.00358540,0.00247250,0.00370875,1.50000000,0.90058892,0.00000000,False,False,False,entry_price_convention=next_bar_open | stop_not_hit | target_not_hit | close_not_resolved_step2a | expiry_start_semantics=AFTER_ACTIVATION; expiry_model=BARS_AFTER_ACTIVATION:12; bars_since_activation=0; expiry_due=False | stop_not_hit | target_not_hit | close_not_resolved_step2a | expiry_start_semantics=AFTER_ACTIVATION; expiry_model=BARS_AFTER_ACTIVATION:12; bars_since_activation=1; expiry_due=False | stop_not_hit | target_not_hit | close_not_resolved_step2a | expiry_start_semantics=AFTER_ACTIVATION; expiry_model=BARS_AFTER_ACTIVATION:12; bars_since_activation=2; expiry_due=False | stop_not_hit | target_not_hit | close_not_resolved_step2a | expiry_start_semantics=AFTER_ACTIVATION; expiry_model=BARS_AFTER_ACTIVATION:12; bars_since_activation=3; expiry_due=False | stop_not_hit | target_not_hit | close_not_resolved_step2a | expiry_start_semantics=AFTER_ACTIVATION; expiry_model=BARS_AFTER_ACTIVATION:12; bars_since_activation=4; expiry_due=False | stop_not_hit | target_not_hit | close_not_resolved_step2a | expiry_start_semantics=AFTER_ACTIVATION; expiry_model=BARS_AFTER_ACTIVATION:12; bars_since_activation=5; expiry_due=False | stop_not_hit | target_not_hit | close_not_resolved_step2a | expiry_start_semantics=AFTER_ACTIVATION; expiry_model=BARS_AFTER_ACTIVATION:12; bars_since_activation=6; expiry_due=False | stop_not_hit | target_not_hit | close_not_resolved_step2a | expiry_start_semantics=AFTER_ACTIVATION; expiry_model=BARS_AFTER_ACTIVATION:12; bars_since_activation=7; expiry_due=False | stop_not_hit | target_not_hit | close_not_resolved_step2a | expiry_start_semantics=AFTER_ACTIVATION; expiry_model=BARS_AFTER_ACTIVATION:12; bars_since_activation=8; expiry_due=False | stop_not_hit | target_not_hit | close_not_resolved_step2a | expiry_start_semantics=AFTER_ACTIVATION; expiry_model=BARS_AFTER_ACTIVATION:12; bars_since_activation=9; expiry_due=False | stop_not_hit | target_not_hit | close_not_resolved_step2a | expiry_start_semantics=AFTER_ACTIVATION; expiry_model=BARS_AFTER_ACTIVATION:12; bars_since_activation=10; expiry_due=False | stop_not_hit | target_not_hit | close_not_resolved_step2a | expiry_start_semantics=AFTER_ACTIVATION; expiry_model=BARS_AFTER_ACTIVATION:12; bars_since_activation=11; expiry_due=False | stop_hit | target_not_hit | stop_hit_resolved | expiry_start_semantics=AFTER_ACTIVATION; expiry_model=BARS_AFTER_ACTIVATION:12; bars_since_activation=12; expiry_due=True
outcome_positive_replay_negative,2026-03-16_to_2026-03-16_run_001,71e149956b2891ec6dbb4a40,2026-03-16 21:39:00+00:00,2026-03-16 21:40:00+00:00,2026-03-16 21:40:00+00:00,STOP_LOSS,STOP,0.00000000,74446.30000000,74481.50000000,74393.50000000,74481.50000000,-0.00047282,0.00030612,0.00267180,-0.00065117,-0.00077894,0.00047282,0.00070924,1.50000000,3.76715819,1.37718974,True,True,False,entry_price_convention=next_bar_open | stop_hit | target_not_hit | stop_hit_resolved | expiry_start_semantics=AFTER_ACTIVATION; expiry_model=BARS_AFTER_ACTIVATION:12; bars_since_activation=0; expiry_due=False
outcome_positive_replay_negative,2026-03-16_to_2026-03-16_run_001,b1145b0a3d18f3e309cd067f,2026-03-16 23:05:00+00:00,2026-03-16 23:06:00+00:00,2026-03-16 23:16:00+00:00,STOP_LOSS,STOP,10.00000000,74349.90000000,74481.50000000,74152.50000000,74481.50000000,-0.00177001,0.00055853,0.00376469,-0.00078946,-0.00232854,0.00177001,0.00265501,1.50000000,1.41795626,0.44601905,True,False,False,entry_price_convention=next_bar_open | stop_not_hit | target_not_hit | close_not_resolved_step2a | expiry_start_semantics=AFTER_ACTIVATION; expiry_model=BARS_AFTER_ACTIVATION:12; bars_since_activation=0; expiry_due=False | stop_not_hit | target_not_hit | close_not_resolved_step2a | expiry_start_semantics=AFTER_ACTIVATION; expiry_model=BARS_AFTER_ACTIVATION:12; bars_since_activation=1; expiry_due=False | stop_not_hit | target_not_hit | close_not_resolved_step2a | expiry_start_semantics=AFTER_ACTIVATION; expiry_model=BARS_AFTER_ACTIVATION:12; bars_since_activation=2; expiry_due=False | stop_not_hit | target_not_hit | close_not_resolved_step2a | expiry_start_semantics=AFTER_ACTIVATION; expiry_model=BARS_AFTER_ACTIVATION:12; bars_since_activation=3; expiry_due=False | stop_not_hit | target_not_hit | close_not_resolved_step2a | expiry_start_semantics=AFTER_ACTIVATION; expiry_model=BARS_AFTER_ACTIVATION:12; bars_since_activation=4; expiry_due=False | stop_not_hit | target_not_hit | close_not_resolved_step2a | expiry_start_semantics=AFTER_ACTIVATION; expiry_model=BARS_AFTER_ACTIVATION:12; bars_since_activation=5; expiry_due=False | stop_not_hit | target_not_hit | close_not_resolved_step2a | expiry_start_semantics=AFTER_ACTIVATION; expiry_model=BARS_AFTER_ACTIVATION:12; bars_since_activation=6; expiry_due=False | stop_not_hit | target_not_hit | close_not_resolved_step2a | expiry_start_semantics=AFTER_ACTIVATION; expiry_model=BARS_AFTER_ACTIVATION:12; bars_since_activation=7; expiry_due=False | stop_not_hit | target_not_hit | close_not_resolved_step2a | expiry_start_semantics=AFTER_ACTIVATION; expiry_model=BARS_AFTER_ACTIVATION:12; bars_since_activation=8; expiry_due=False | stop_not_hit | target_not_hit | close_not_resolved_step2a | expiry_start_semantics=AFTER_ACTIVATION; expiry_model=BARS_AFTER_ACTIVATION:12; bars_since_activation=9; expiry_due=False | stop_hit | target_not_hit | stop_hit_resolved | expiry_start_semantics=AFTER_ACTIVATION; expiry_model=BARS_AFTER_ACTIVATION:12; bars_since_activation=10; expiry_due=False
outcome_positive_replay_negative,2026-03-21_to_2026-03-21_run_001,73d9605ed7997458699da9f3,2026-03-21 04:27:00+00:00,2026-03-21 04:28:00+00:00,2026-03-21 04:28:00+00:00,STOP_LOSS,STOP,0.00000000,70738.10000000,70758.20000000,70707.95000000,70758.20000000,-0.00028415,0.00186127,0.00236298,-0.00034908,-0.00214542,0.00028415,0.00042622,1.50000000,5.54402999,1.22850665,True,True,False,entry_price_convention=next_bar_open | stop_hit | target_not_hit | stop_hit_resolved | expiry_start_semantics=AFTER_ACTIVATION; expiry_model=BARS_AFTER_ACTIVATION:12; bars_since_activation=0; expiry_due=False
outcome_positive_replay_negative,2026-03-30_to_2026-03-30_run_001,dc1d122fea6ababab9ca5718,2026-03-30 03:26:00+00:00,2026-03-30 03:27:00+00:00,2026-03-30 03:29:00+00:00,STOP_LOSS,STOP,2.00000000,67179.20000000,67201.30000000,67146.05000000,67201.30000000,-0.00032897,0.00020535,0.00115325,-0.00079314,-0.00053432,0.00032897,0.00049346,1.50000000,2.33708939,2.41097157,True,True,True,entry_price_convention=next_bar_open | stop_hit | target_hit | same_bar_collision_routed_to_policy | expiry_start_semantics=AFTER_ACTIVATION; expiry_model=BARS_AFTER_ACTIVATION:12; bars_since_activation=0; expiry_due=False | stop_hit | target_hit | same_bar_collision_routed_to_policy | expiry_start_semantics=AFTER_ACTIVATION; expiry_model=BARS_AFTER_ACTIVATION:12; bars_since_activation=1; expiry_due=False | stop_hit | target_not_hit | stop_hit_resolved | expiry_start_semantics=AFTER_ACTIVATION; expiry_model=BARS_AFTER_ACTIVATION:12; bars_since_activation=2; expiry_due=False
outcome_positive_replay_negative,2026-03-30_to_2026-03-30_run_001,fdc82fd70700de10af125196,2026-03-30 05:11:00+00:00,2026-03-30 05:12:00+00:00,2026-03-30 05:14:00+00:00,STOP_LOSS,STOP,2.00000000,67618.90000000,67683.50000000,67522.00000000,67683.50000000,-0.00095535,0.00104605,0.00197389,-0.00024674,-0.00200140,0.00095535,0.00143303,1.50000000,1.37742504,0.25826720,True,False,False,entry_price_convention=next_bar_open | stop_not_hit | target_not_hit | close_not_resolved_step2a | expiry_start_semantics=AFTER_ACTIVATION; expiry_model=BARS_AFTER_ACTIVATION:12; bars_since_activation=0; expiry_due=False | stop_not_hit | target_not_hit | close_not_resolved_step2a | expiry_start_semantics=AFTER_ACTIVATION; expiry_model=BARS_AFTER_ACTIVATION:12; bars_since_activation=1; expiry_due=False | stop_hit | target_not_hit | stop_hit_resolved | expiry_start_semantics=AFTER_ACTIVATION; expiry_model=BARS_AFTER_ACTIVATION:12; bars_since_activation=2; expiry_due=False
outcome_positive_replay_negative,2026-03-30_to_2026-03-30_run_001,8c95baf40606bf0334673492,2026-03-30 13:23:00+00:00,2026-03-30 13:24:00+00:00,2026-03-30 13:24:00+00:00,STOP_LOSS,STOP,0.00000000,68028.70000000,68034.10000000,68020.60000000,68034.10000000,-0.00007938,0.00249434,0.00443160,-0.00060852,-0.00257372,0.00007938,0.00011907,1.50000000,37.21926782,7.66605815,True,True,False,entry_price_convention=next_bar_open | stop_hit | target_not_hit | stop_hit_resolved | expiry_start_semantics=AFTER_ACTIVATION; expiry_model=BARS_AFTER_ACTIVATION:12; bars_since_activation=0; expiry_due=False
outcome_positive_replay_negative,2026-03-30_to_2026-03-30_run_001,b3035b21504142de0d31ec0e,2026-03-30 22:08:00+00:00,2026-03-30 22:09:00+00:00,2026-03-30 22:21:00+00:00,EXPIRY,EXPIRY,12.00000000,66736.80000000,66873.10000000,66532.35000000,66763.00000000,-0.00039259,0.00168977,0.00306401,0.00109312,-0.00208235,0.00204235,0.00306353,1.50000000,1.00015835,0.00000000,True,False,False,entry_price_convention=next_bar_open | stop_not_hit | target_not_hit | close_not_resolved_step2a | expiry_start_semantics=AFTER_ACTIVATION; expiry_model=BARS_AFTER_ACTIVATION:12; bars_since_activation=0; expiry_due=False | stop_not_hit | target_not_hit | close_not_resolved_step2a | expiry_start_semantics=AFTER_ACTIVATION; expiry_model=BARS_AFTER_ACTIVATION:12; bars_since_activation=1; expiry_due=False | stop_not_hit | target_not_hit | close_not_resolved_step2a | expiry_start_semantics=AFTER_ACTIVATION; expiry_model=BARS_AFTER_ACTIVATION:12; bars_since_activation=2; expiry_due=False | stop_not_hit | target_not_hit | close_not_resolved_step2a | expiry_start_semantics=AFTER_ACTIVATION; expiry_model=BARS_AFTER_ACTIVATION:12; bars_since_activation=3; expiry_due=False | stop_not_hit | target_not_hit | close_not_resolved_step2a | expiry_start_semantics=AFTER_ACTIVATION; expiry_model=BARS_AFTER_ACTIVATION:12; bars_since_activation=4; expiry_due=False | stop_not_hit | target_not_hit | close_not_resolved_step2a | expiry_start_semantics=AFTER_ACTIVATION; expiry_model=BARS_AFTER_ACTIVATION:12; bars_since_activation=5; expiry_due=False | stop_not_hit | target_not_hit | close_not_resolved_step2a | expiry_start_semantics=AFTER_ACTIVATION; expiry_model=BARS_AFTER_ACTIVATION:12; bars_since_activation=6; expiry_due=False | stop_not_hit | target_not_hit | close_not_resolved_step2a | expiry_start_semantics=AFTER_ACTIVATION; expiry_model=BARS_AFTER_ACTIVATION:12; bars_since_activation=7; expiry_due=False | stop_not_hit | target_not_hit | close_not_resolved_step2a | expiry_start_semantics=AFTER_ACTIVATION; expiry_model=BARS_AFTER_ACTIVATION:12; bars_since_activation=8; expiry_due=False | stop_not_hit | target_not_hit | close_not_resolved_step2a | expiry_start_semantics=AFTER_ACTIVATION; expiry_model=BARS_AFTER_ACTIVATION:12; bars_since_activation=9; expiry_due=False | stop_not_hit | target_not_hit | close_not_resolved_step2a | expiry_start_semantics=AFTER_ACTIVATION; expiry_model=BARS_AFTER_ACTIVATION:12; bars_since_activation=10; expiry_due=False | stop_not_hit | target_not_hit | close_not_resolved_step2a | expiry_start_semantics=AFTER_ACTIVATION; expiry_model=BARS_AFTER_ACTIVATION:12; bars_since_activation=11; expiry_due=False | stop_not_hit | target_not_hit | expiry_hit_bars_after_activation=12 | expiry_start_semantics=AFTER_ACTIVATION; expiry_model=BARS_AFTER_ACTIVATION:12; bars_since_activation=12; expiry_due=True
outcome_positive_replay_negative,2026-03-31_to_2026-03-31_run_001,4d0e53786332b73912212e57,2026-03-31 09:56:00+00:00,2026-03-31 09:57:00+00:00,2026-03-31 10:09:00+00:00,STOP_LOSS,STOP,12.00000000,66102.80000000,66299.60000000,65807.60000000,66299.60000000,-0.00297718,0.00025038,0.00545403,0.00018250,-0.00322756,0.00297718,0.00446577,1.50000000,1.22129623,0.00000000,True,False,False,entry_price_convention=next_bar_open | stop_not_hit | target_not_hit | close_not_resolved_step2a | expiry_start_semantics=AFTER_ACTIVATION; expiry_model=BARS_AFTER_ACTIVATION:12; bars_since_activation=0; expiry_due=False | stop_not_hit | target_not_hit | close_not_resolved_step2a | expiry_start_semantics=AFTER_ACTIVATION; expiry_model=BARS_AFTER_ACTIVATION:12; bars_since_activation=1; expiry_due=False | stop_not_hit | target_not_hit | close_not_resolved_step2a | expiry_start_semantics=AFTER_ACTIVATION; expiry_model=BARS_AFTER_ACTIVATION:12; bars_since_activation=2; expiry_due=False | stop_not_hit | target_not_hit | close_not_resolved_step2a | expiry_start_semantics=AFTER_ACTIVATION; expiry_model=BARS_AFTER_ACTIVATION:12; bars_since_activation=3; expiry_due=False | stop_not_hit | target_not_hit | close_not_resolved_step2a | expiry_start_semantics=AFTER_ACTIVATION; expiry_model=BARS_AFTER_ACTIVATION:12; bars_since_activation=4; expiry_due=False | stop_not_hit | target_not_hit | close_not_resolved_step2a | expiry_start_semantics=AFTER_ACTIVATION; expiry_model=BARS_AFTER_ACTIVATION:12; bars_since_activation=5; expiry_due=False | stop_not_hit | target_not_hit | close_not_resolved_step2a | expiry_start_semantics=AFTER_ACTIVATION; expiry_model=BARS_AFTER_ACTIVATION:12; bars_since_activation=6; expiry_due=False | stop_not_hit | target_not_hit | close_not_resolved_step2a | expiry_start_semantics=AFTER_ACTIVATION; expiry_model=BARS_AFTER_ACTIVATION:12; bars_since_activation=7; expiry_due=False | stop_not_hit | target_not_hit | close_not_resolved_step2a | expiry_start_semantics=AFTER_ACTIVATION; expiry_model=BARS_AFTER_ACTIVATION:12; bars_since_activation=8; expiry_due=False | stop_not_hit | target_not_hit | close_not_resolved_step2a | expiry_start_semantics=AFTER_ACTIVATION; expiry_model=BARS_AFTER_ACTIVATION:12; bars_since_activation=9; expiry_due=False | stop_not_hit | target_not_hit | close_not_resolved_step2a | expiry_start_semantics=AFTER_ACTIVATION; expiry_model=BARS_AFTER_ACTIVATION:12; bars_since_activation=10; expiry_due=False | stop_not_hit | target_not_hit | close_not_resolved_step2a | expiry_start_semantics=AFTER_ACTIVATION; expiry_model=BARS_AFTER_ACTIVATION:12; bars_since_activation=11; expiry_due=False | stop_hit | target_not_hit | stop_hit_resolved | expiry_start_semantics=AFTER_ACTIVATION; expiry_model=BARS_AFTER_ACTIVATION:12; bars_since_activation=12; expiry_due=True
outcome_positive_replay_negative,2026-03-31_to_2026-03-31_run_001,b5fae11a583ba6e5590cdb4a,2026-03-31 13:18:00+00:00,2026-03-31 13:19:00+00:00,2026-03-31 13:19:00+00:00,STOP_LOSS,STOP,0.00000000,66812.40000000,66828.05000000,66788.92500000,66828.05000000,-0.00023424,0.00081178,0.00161833,-0.00002918,-0.00104602,0.00023424,0.00035136,1.50000000,4.60594987,0.12457146,True,False,False,entry_price_convention=next_bar_open | stop_hit | target_not_hit | stop_hit_resolved | expiry_start_semantics=AFTER_ACTIVATION; expiry_model=BARS_AFTER_ACTIVATION:12; bars_since_activation=0; expiry_due=False
outcome_positive_replay_negative,2026-04-01_to_2026-04-01_run_001,2c0adaf176d9be93398b285e,2026-04-01 00:26:00+00:00,2026-04-01 00:27:00+00:00,2026-04-01 00:27:00+00:00,STOP_LOSS,STOP,0.00000000,67915.90000000,67933.45000000,67889.57500000,67933.45000000,-0.00025841,0.00027453,0.00184519,-0.00092811,-0.00053294,0.00025841,0.00038761,1.50000000,4.76040330,3.59166448,True,True,False,entry_price_convention=next_bar_open | stop_hit | target_not_hit | stop_hit_resolved | expiry_start_semantics=AFTER_ACTIVATION; expiry_model=BARS_AFTER_ACTIVATION:12; bars_since_activation=0; expiry_due=False
outcome_positive_replay_negative,2026-04-01_to_2026-04-01_run_001,0640c64552644dbf6447f6ff,2026-04-01 15:27:00+00:00,2026-04-01 15:28:00+00:00,2026-04-01 15:32:00+00:00,STOP_LOSS,STOP,4.00000000,68699.10000000,68773.90000000,68586.90000000,68773.90000000,-0.00108881,0.00094949,0.00220432,-0.00091314,-0.00203829,0.00108881,0.00163321,1.50000000,1.34968910,0.83865906,True,False,False,entry_price_convention=next_bar_open | stop_not_hit | target_not_hit | close_not_resolved_step2a | expiry_start_semantics=AFTER_ACTIVATION; expiry_model=BARS_AFTER_ACTIVATION:12; bars_since_activation=0; expiry_due=False | stop_not_hit | target_not_hit | close_not_resolved_step2a | expiry_start_semantics=AFTER_ACTIVATION; expiry_model=BARS_AFTER_ACTIVATION:12; bars_since_activation=1; expiry_due=False | stop_not_hit | target_not_hit | close_not_resolved_step2a | expiry_start_semantics=AFTER_ACTIVATION; expiry_model=BARS_AFTER_ACTIVATION:12; bars_since_activation=2; expiry_due=False | stop_not_hit | target_not_hit | close_not_resolved_step2a | expiry_start_semantics=AFTER_ACTIVATION; expiry_model=BARS_AFTER_ACTIVATION:12; bars_since_activation=3; expiry_due=False | stop_hit | target_not_hit | stop_hit_resolved | expiry_start_semantics=AFTER_ACTIVATION; expiry_model=BARS_AFTER_ACTIVATION:12; bars_since_activation=4; expiry_due=False
outcome_positive_replay_negative,2026-04-03_to_2026-04-03_run_001,0435c376709032cd1d5e3635,2026-04-03 19:25:00+00:00,2026-04-03 19:26:00+00:00,2026-04-03 19:38:00+00:00,EXPIRY,EXPIRY,12.00000000,66762.80000000,66802.70000000,66702.95000000,66772.80000000,-0.00014978,0.00041615,0.00092960,0.00025149,-0.00056593,0.00059764,0.00089646,1.50000000,1.03697425,0.00000000,True,False,False,entry_price_convention=next_bar_open | stop_not_hit | target_not_hit | close_not_resolved_step2a | expiry_start_semantics=AFTER_ACTIVATION; expiry_model=BARS_AFTER_ACTIVATION:12; bars_since_activation=0; expiry_due=False | stop_not_hit | target_not_hit | close_not_resolved_step2a | expiry_start_semantics=AFTER_ACTIVATION; expiry_model=BARS_AFTER_ACTIVATION:12; bars_since_activation=1; expiry_due=False | stop_not_hit | target_not_hit | close_not_resolved_step2a | expiry_start_semantics=AFTER_ACTIVATION; expiry_model=BARS_AFTER_ACTIVATION:12; bars_since_activation=2; expiry_due=False | stop_not_hit | target_not_hit | close_not_resolved_step2a | expiry_start_semantics=AFTER_ACTIVATION; expiry_model=BARS_AFTER_ACTIVATION:12; bars_since_activation=3; expiry_due=False | stop_not_hit | target_not_hit | close_not_resolved_step2a | expiry_start_semantics=AFTER_ACTIVATION; expiry_model=BARS_AFTER_ACTIVATION:12; bars_since_activation=4; expiry_due=False | stop_not_hit | target_not_hit | close_not_resolved_step2a | expiry_start_semantics=AFTER_ACTIVATION; expiry_model=BARS_AFTER_ACTIVATION:12; bars_since_activation=5; expiry_due=False | stop_not_hit | target_not_hit | close_not_resolved_step2a | expiry_start_semantics=AFTER_ACTIVATION; expiry_model=BARS_AFTER_ACTIVATION:12; bars_since_activation=6; expiry_due=False | stop_not_hit | target_not_hit | close_not_resolved_step2a | expiry_start_semantics=AFTER_ACTIVATION; expiry_model=BARS_AFTER_ACTIVATION:12; bars_since_activation=7; expiry_due=False | stop_not_hit | target_not_hit | close_not_resolved_step2a | expiry_start_semantics=AFTER_ACTIVATION; expiry_model=BARS_AFTER_ACTIVATION:12; bars_since_activation=8; expiry_due=False | stop_not_hit | target_not_hit | close_not_resolved_step2a | expiry_start_semantics=AFTER_ACTIVATION; expiry_model=BARS_AFTER_ACTIVATION:12; bars_since_activation=9; expiry_due=False | stop_not_hit | target_not_hit | close_not_resolved_step2a | expiry_start_semantics=AFTER_ACTIVATION; expiry_model=BARS_AFTER_ACTIVATION:12; bars_since_activation=10; expiry_due=False | stop_not_hit | target_not_hit | close_not_resolved_step2a | expiry_start_semantics=AFTER_ACTIVATION; expiry_model=BARS_AFTER_ACTIVATION:12; bars_since_activation=11; expiry_due=False | stop_not_hit | target_not_hit | expiry_hit_bars_after_activation=12 | expiry_start_semantics=AFTER_ACTIVATION; expiry_model=BARS_AFTER_ACTIVATION:12; bars_since_activation=12; expiry_due=True
outcome_positive_replay_negative,2026-04-04_to_2026-04-04_run_001,0d446ea1ebfdaafa6a32abcb,2026-04-04 08:22:00+00:00,2026-04-04 08:23:00+00:00,2026-04-04 08:25:00+00:00,STOP_LOSS,STOP,2.00000000,66980.00000000,66999.30000000,66951.05000000,66999.30000000,-0.00028815,0.00085225,0.00085374,-0.00037463,-0.00114039,0.00028815,0.00043222,1.50000000,1.97525122,1.30014350,True,True,False,entry_price_convention=next_bar_open | stop_not_hit | target_not_hit | close_not_resolved_step2a | expiry_start_semantics=AFTER_ACTIVATION; expiry_model=BARS_AFTER_ACTIVATION:12; bars_since_activation=0; expiry_due=False | stop_not_hit | target_not_hit | close_not_resolved_step2a | expiry_start_semantics=AFTER_ACTIVATION; expiry_model=BARS_AFTER_ACTIVATION:12; bars_since_activation=1; expiry_due=False | stop_hit | target_not_hit | stop_hit_resolved | expiry_start_semantics=AFTER_ACTIVATION; expiry_model=BARS_AFTER_ACTIVATION:12; bars_since_activation=2; expiry_due=False
outcome_positive_replay_negative,2026-04-04_to_2026-04-04_run_001,c47506b520c5969be32172e3,2026-04-04 08:22:00+00:00,2026-04-04 08:23:00+00:00,2026-04-04 08:29:00+00:00,STOP_LOSS,STOP,6.00000000,66980.00000000,67023.70000000,66914.45000000,67023.70000000,-0.00065243,0.00121599,0.00121748,-0.00001044,-0.00186842,0.00065243,0.00097865,1.50000000,1.24403961,0.01600786,True,False,False,entry_price_convention=next_bar_open | stop_not_hit | target_not_hit | close_not_resolved_step2a | expiry_start_semantics=AFTER_ACTIVATION; expiry_model=BARS_AFTER_ACTIVATION:12; bars_since_activation=0; expiry_due=False | stop_not_hit | target_not_hit | close_not_resolved_step2a | expiry_start_semantics=AFTER_ACTIVATION; expiry_model=BARS_AFTER_ACTIVATION:12; bars_since_activation=1; expiry_due=False | stop_not_hit | target_not_hit | close_not_resolved_step2a | expiry_start_semantics=AFTER_ACTIVATION; expiry_model=BARS_AFTER_ACTIVATION:12; bars_since_activation=2; expiry_due=False | stop_not_hit | target_not_hit | close_not_resolved_step2a | expiry_start_semantics=AFTER_ACTIVATION; expiry_model=BARS_AFTER_ACTIVATION:12; bars_since_activation=3; expiry_due=False | stop_not_hit | target_not_hit | close_not_resolved_step2a | expiry_start_semantics=AFTER_ACTIVATION; expiry_model=BARS_AFTER_ACTIVATION:12; bars_since_activation=4; expiry_due=False | stop_not_hit | target_not_hit | close_not_resolved_step2a | expiry_start_semantics=AFTER_ACTIVATION; expiry_model=BARS_AFTER_ACTIVATION:12; bars_since_activation=5; expiry_due=False | stop_hit | target_not_hit | stop_hit_resolved | expiry_start_semantics=AFTER_ACTIVATION; expiry_model=BARS_AFTER_ACTIVATION:12; bars_since_activation=6; expiry_due=False
outcome_positive_replay_negative,2026-04-06_to_2026-04-06_run_001,997192969648603041d89db8,2026-04-06 14:39:00+00:00,2026-04-06 14:40:00+00:00,2026-04-06 14:52:00+00:00,EXPIRY,EXPIRY,12.00000000,69373.00000000,69688.25000000,68900.12500000,69421.70000000,-0.00070200,0.00452802,0.00608639,0.00277306,-0.00523003,0.00454428,0.00681641,1.50000000,0.89290249,0.00000000,False,False,False,entry_price_convention=next_bar_open | stop_not_hit | target_not_hit | close_not_resolved_step2a | expiry_start_semantics=AFTER_ACTIVATION; expiry_model=BARS_AFTER_ACTIVATION:12; bars_since_activation=0; expiry_due=False | stop_not_hit | target_not_hit | close_not_resolved_step2a | expiry_start_semantics=AFTER_ACTIVATION; expiry_model=BARS_AFTER_ACTIVATION:12; bars_since_activation=1; expiry_due=False | stop_not_hit | target_not_hit | close_not_resolved_step2a | expiry_start_semantics=AFTER_ACTIVATION; expiry_model=BARS_AFTER_ACTIVATION:12; bars_since_activation=2; expiry_due=False | stop_not_hit | target_not_hit | close_not_resolved_step2a | expiry_start_semantics=AFTER_ACTIVATION; expiry_model=BARS_AFTER_ACTIVATION:12; bars_since_activation=3; expiry_due=False | stop_not_hit | target_not_hit | close_not_resolved_step2a | expiry_start_semantics=AFTER_ACTIVATION; expiry_model=BARS_AFTER_ACTIVATION:12; bars_since_activation=4; expiry_due=False | stop_not_hit | target_not_hit | close_not_resolved_step2a | expiry_start_semantics=AFTER_ACTIVATION; expiry_model=BARS_AFTER_ACTIVATION:12; bars_since_activation=5; expiry_due=False | stop_not_hit | target_not_hit | close_not_resolved_step2a | expiry_start_semantics=AFTER_ACTIVATION; expiry_model=BARS_AFTER_ACTIVATION:12; bars_since_activation=6; expiry_due=False | stop_not_hit | target_not_hit | close_not_resolved_step2a | expiry_start_semantics=AFTER_ACTIVATION; expiry_model=BARS_AFTER_ACTIVATION:12; bars_since_activation=7; expiry_due=False | stop_not_hit | target_not_hit | close_not_resolved_step2a | expiry_start_semantics=AFTER_ACTIVATION; expiry_model=BARS_AFTER_ACTIVATION:12; bars_since_activation=8; expiry_due=False | stop_not_hit | target_not_hit | close_not_resolved_step2a | expiry_start_semantics=AFTER_ACTIVATION; expiry_model=BARS_AFTER_ACTIVATION:12; bars_since_activation=9; expiry_due=False | stop_not_hit | target_not_hit | close_not_resolved_step2a | expiry_start_semantics=AFTER_ACTIVATION; expiry_model=BARS_AFTER_ACTIVATION:12; bars_since_activation=10; expiry_due=False | stop_not_hit | target_not_hit | close_not_resolved_step2a | expiry_start_semantics=AFTER_ACTIVATION; expiry_model=BARS_AFTER_ACTIVATION:12; bars_since_activation=11; expiry_due=False | stop_not_hit | target_not_hit | expiry_hit_bars_after_activation=12 | expiry_start_semantics=AFTER_ACTIVATION; expiry_model=BARS_AFTER_ACTIVATION:12; bars_since_activation=12; expiry_due=True
outcome_positive_replay_negative,2026-04-08_to_2026-04-08_run_001,95d781aea4875d510d70d544,2026-04-08 02:36:00+00:00,2026-04-08 02:37:00+00:00,2026-04-08 02:39:00+00:00,STOP_LOSS,STOP,2.00000000,71250.00000000,71306.95000000,71164.57500000,71306.95000000,-0.00079930,0.00009747,0.00169619,-0.00057428,-0.00089676,0.00079930,0.00119895,1.50000000,1.41473108,0.71847752,True,False,False,entry_price_convention=next_bar_open | stop_not_hit | target_not_hit | close_not_resolved_step2a | expiry_start_semantics=AFTER_ACTIVATION; expiry_model=BARS_AFTER_ACTIVATION:12; bars_since_activation=0; expiry_due=False | stop_not_hit | target_not_hit | close_not_resolved_step2a | expiry_start_semantics=AFTER_ACTIVATION; expiry_model=BARS_AFTER_ACTIVATION:12; bars_since_activation=1; expiry_due=False | stop_hit | target_not_hit | stop_hit_resolved | expiry_start_semantics=AFTER_ACTIVATION; expiry_model=BARS_AFTER_ACTIVATION:12; bars_since_activation=2; expiry_due=False
outcome_positive_replay_negative,2026-04-08_to_2026-04-08_run_001,2f2e3ecdc40504fd386cc091,2026-04-08 05:54:00+00:00,2026-04-08 05:55:00+00:00,2026-04-08 05:55:00+00:00,STOP_LOSS,STOP,0.00000000,71706.70000000,71713.10000000,71697.10000000,71713.10000000,-0.00008925,0.00132193,0.00242494,-0.00032630,-0.00141119,0.00008925,0.00013388,1.50000000,18.11296671,3.65592370,True,True,False,entry_price_convention=next_bar_open | stop_hit | target_not_hit | stop_hit_resolved | expiry_start_semantics=AFTER_ACTIVATION; expiry_model=BARS_AFTER_ACTIVATION:12; bars_since_activation=0; expiry_due=False
outcome_positive_replay_negative,2026-04-08_to_2026-04-08_run_001,aa7746425674a7780b96da33,2026-04-08 09:10:00+00:00,2026-04-08 09:11:00+00:00,2026-04-08 09:11:00+00:00,STOP_LOSS,STOP,0.00000000,71810.10000000,71821.81000000,71792.53500000,71821.81000000,-0.00016307,0.00040670,0.00124628,-0.00044819,-0.00056977,0.00016307,0.00024460,1.50000000,5.09509855,2.74848434,True,True,False,entry_price_convention=next_bar_open | stop_hit | target_not_hit | stop_hit_resolved | expiry_start_semantics=AFTER_ACTIVATION; expiry_model=BARS_AFTER_ACTIVATION:12; bars_since_activation=0; expiry_due=False
outcome_positive_replay_negative,2026-04-09_to_2026-04-09_run_001,29486e75553536de6ce2888d,2026-04-09 13:39:00+00:00,2026-04-09 13:40:00+00:00,2026-04-09 13:40:00+00:00,STOP_LOSS,STOP,0.00000000,70826.10000000,70913.03000000,70695.70500000,70913.03000000,-0.00122737,0.00218620,0.00286308,-0.00022521,-0.00341357,0.00122737,0.00184106,1.50000000,1.55512951,0.18348583,True,False,False,entry_price_convention=next_bar_open | stop_hit | target_not_hit | stop_hit_resolved | expiry_start_semantics=AFTER_ACTIVATION; expiry_model=BARS_AFTER_ACTIVATION:12; bars_since_activation=0; expiry_due=False
outcome_positive_replay_negative,2026-04-11_to_2026-04-11_run_001,103b2a63c8c6fb295fa29254,2026-04-11 12:05:00+00:00,2026-04-11 12:06:00+00:00,2026-04-11 12:06:00+00:00,STOP_LOSS,STOP,0.00000000,72881.30000000,72886.00000000,72874.25000000,72886.00000000,-0.00006449,0.00000549,0.00068600,-0.00027852,-0.00006998,0.00006449,0.00009673,1.50000000,7.09174125,4.31887042,True,True,False,entry_price_convention=next_bar_open | stop_hit | target_not_hit | stop_hit_resolved | expiry_start_semantics=AFTER_ACTIVATION; expiry_model=BARS_AFTER_ACTIVATION:12; bars_since_activation=0; expiry_due=False
outcome_positive_replay_negative,2026-04-12_to_2026-04-12_run_001,22617e9bf0ad683209c226b1,2026-04-12 19:15:00+00:00,2026-04-12 19:16:00+00:00,2026-04-12 19:28:00+00:00,EXPIRY,EXPIRY,12.00000000,71100.00000000,71130.55000000,71054.17500000,71123.70000000,-0.00033333,0.00021299,0.00066005,0.00000070,-0.00054632,0.00042968,0.00064451,1.50000000,1.02410988,0.00000000,True,False,False,entry_price_convention=next_bar_open | stop_not_hit | target_not_hit | close_not_resolved_step2a | expiry_start_semantics=AFTER_ACTIVATION; expiry_model=BARS_AFTER_ACTIVATION:12; bars_since_activation=0; expiry_due=False | stop_not_hit | target_not_hit | close_not_resolved_step2a | expiry_start_semantics=AFTER_ACTIVATION; expiry_model=BARS_AFTER_ACTIVATION:12; bars_since_activation=1; expiry_due=False | stop_not_hit | target_not_hit | close_not_resolved_step2a | expiry_start_semantics=AFTER_ACTIVATION; expiry_model=BARS_AFTER_ACTIVATION:12; bars_since_activation=2; expiry_due=False | stop_not_hit | target_not_hit | close_not_resolved_step2a | expiry_start_semantics=AFTER_ACTIVATION; expiry_model=BARS_AFTER_ACTIVATION:12; bars_since_activation=3; expiry_due=False | stop_not_hit | target_not_hit | close_not_resolved_step2a | expiry_start_semantics=AFTER_ACTIVATION; expiry_model=BARS_AFTER_ACTIVATION:12; bars_since_activation=4; expiry_due=False | stop_not_hit | target_not_hit | close_not_resolved_step2a | expiry_start_semantics=AFTER_ACTIVATION; expiry_model=BARS_AFTER_ACTIVATION:12; bars_since_activation=5; expiry_due=False | stop_not_hit | target_not_hit | close_not_resolved_step2a | expiry_start_semantics=AFTER_ACTIVATION; expiry_model=BARS_AFTER_ACTIVATION:12; bars_since_activation=6; expiry_due=False | stop_not_hit | target_not_hit | close_not_resolved_step2a | expiry_start_semantics=AFTER_ACTIVATION; expiry_model=BARS_AFTER_ACTIVATION:12; bars_since_activation=7; expiry_due=False | stop_not_hit | target_not_hit | close_not_resolved_step2a | expiry_start_semantics=AFTER_ACTIVATION; expiry_model=BARS_AFTER_ACTIVATION:12; bars_since_activation=8; expiry_due=False | stop_not_hit | target_not_hit | close_not_resolved_step2a | expiry_start_semantics=AFTER_ACTIVATION; expiry_model=BARS_AFTER_ACTIVATION:12; bars_since_activation=9; expiry_due=False | stop_not_hit | target_not_hit | close_not_resolved_step2a | expiry_start_semantics=AFTER_ACTIVATION; expiry_model=BARS_AFTER_ACTIVATION:12; bars_since_activation=10; expiry_due=False | stop_not_hit | target_not_hit | close_not_resolved_step2a | expiry_start_semantics=AFTER_ACTIVATION; expiry_model=BARS_AFTER_ACTIVATION:12; bars_since_activation=11; expiry_due=False | stop_not_hit | target_not_hit | expiry_hit_bars_after_activation=12 | expiry_start_semantics=AFTER_ACTIVATION; expiry_model=BARS_AFTER_ACTIVATION:12; bars_since_activation=12; expiry_due=True
outcome_positive_replay_negative,2026-04-12_to_2026-04-12_run_001,c4a0281332f2f289ee5d5b29,2026-04-12 19:46:00+00:00,2026-04-12 19:47:00+00:00,2026-04-12 19:48:00+00:00,STOP_LOSS,STOP,1.00000000,71059.70000000,71063.63000000,71053.80500000,71063.63000000,-0.00005531,0.00011722,0.00040851,-0.00037389,-0.00017252,0.00005531,0.00008296,1.50000000,4.92423996,6.76044036,True,True,False,entry_price_convention=next_bar_open | stop_not_hit | target_not_hit | close_not_resolved_step2a | expiry_start_semantics=AFTER_ACTIVATION; expiry_model=BARS_AFTER_ACTIVATION:12; bars_since_activation=0; expiry_due=False | stop_hit | target_not_hit | stop_hit_resolved | expiry_start_semantics=AFTER_ACTIVATION; expiry_model=BARS_AFTER_ACTIVATION:12; bars_since_activation=1; expiry_due=False
outcome_positive_replay_negative,2026-04-12_to_2026-04-12_run_001,797329e9ff3dcabdeaa77b57,2026-04-12 19:57:00+00:00,2026-04-12 19:58:00+00:00,2026-04-12 20:03:00+00:00,STOP_LOSS,STOP,5.00000000,71053.10000000,71071.65000000,71025.27500000,71071.65000000,-0.00026107,0.00100814,0.00143869,-0.00002744,-0.00126921,0.00026107,0.00039161,1.50000000,3.67379379,0.10509386,True,False,False,entry_price_convention=next_bar_open | stop_not_hit | target_not_hit | close_not_resolved_step2a | expiry_start_semantics=AFTER_ACTIVATION; expiry_model=BARS_AFTER_ACTIVATION:12; bars_since_activation=0; expiry_due=False | stop_not_hit | target_not_hit | close_not_resolved_step2a | expiry_start_semantics=AFTER_ACTIVATION; expiry_model=BARS_AFTER_ACTIVATION:12; bars_since_activation=1; expiry_due=False | stop_not_hit | target_not_hit | close_not_resolved_step2a | expiry_start_semantics=AFTER_ACTIVATION; expiry_model=BARS_AFTER_ACTIVATION:12; bars_since_activation=2; expiry_due=False | stop_not_hit | target_not_hit | close_not_resolved_step2a | expiry_start_semantics=AFTER_ACTIVATION; expiry_model=BARS_AFTER_ACTIVATION:12; bars_since_activation=3; expiry_due=False | stop_not_hit | target_not_hit | close_not_resolved_step2a | expiry_start_semantics=AFTER_ACTIVATION; expiry_model=BARS_AFTER_ACTIVATION:12; bars_since_activation=4; expiry_due=False | stop_hit | target_not_hit | stop_hit_resolved | expiry_start_semantics=AFTER_ACTIVATION; expiry_model=BARS_AFTER_ACTIVATION:12; bars_since_activation=5; expiry_due=False
outcome_positive_replay_negative,2026-04-14_to_2026-04-14_run_001,fa04a075e1b6d5f90c66a780,2026-04-14 07:11:00+00:00,2026-04-14 07:12:00+00:00,2026-04-14 07:15:00+00:00,STOP_LOSS,STOP,3.00000000,74690.80000000,74755.90000000,74593.15000000,74755.90000000,-0.00087159,0.00168950,0.00199717,-0.00023811,-0.00256109,0.00087159,0.00130739,1.50000000,1.52759841,0.27318739,True,False,False,entry_price_convention=next_bar_open | stop_not_hit | target_not_hit | close_not_resolved_step2a | expiry_start_semantics=AFTER_ACTIVATION; expiry_model=BARS_AFTER_ACTIVATION:12; bars_since_activation=0; expiry_due=False | stop_not_hit | target_not_hit | close_not_resolved_step2a | expiry_start_semantics=AFTER_ACTIVATION; expiry_model=BARS_AFTER_ACTIVATION:12; bars_since_activation=1; expiry_due=False | stop_not_hit | target_not_hit | close_not_resolved_step2a | expiry_start_semantics=AFTER_ACTIVATION; expiry_model=BARS_AFTER_ACTIVATION:12; bars_since_activation=2; expiry_due=False | stop_hit | target_not_hit | stop_hit_resolved | expiry_start_semantics=AFTER_ACTIVATION; expiry_model=BARS_AFTER_ACTIVATION:12; bars_since_activation=3; expiry_due=False
outcome_positive_replay_negative,2026-04-15_to_2026-04-15_run_001,d1099443604863768936adb4,2026-04-15 01:09:00+00:00,2026-04-15 01:10:00+00:00,2026-04-15 01:10:00+00:00,STOP_LOSS,STOP,0.00000000,74630.20000000,74666.40000000,74575.90000000,74666.40000000,-0.00048506,0.00049420,0.00088929,-0.00097500,-0.00097926,0.00048506,0.00072759,1.50000000,1.22224324,2.01007472,True,True,False,entry_price_convention=next_bar_open | stop_hit | target_not_hit | stop_hit_resolved | expiry_start_semantics=AFTER_ACTIVATION; expiry_model=BARS_AFTER_ACTIVATION:12; bars_since_activation=0; expiry_due=False
outcome_positive_replay_negative,2026-04-17_to_2026-04-17_run_001,56c6b7949e1152ffcfa6d761,2026-04-17 12:27:00+00:00,2026-04-17 12:28:00+00:00,2026-04-17 12:28:00+00:00,STOP_LOSS,STOP,0.00000000,75592.70000000,75675.24000000,75468.89000000,75675.24000000,-0.00109190,0.00086343,0.00132593,-0.00256438,-0.00195533,0.00109190,0.00163786,1.50000000,0.80955139,2.34853812,False,True,False,entry_price_convention=next_bar_open | stop_hit | target_not_hit | stop_hit_resolved | expiry_start_semantics=AFTER_ACTIVATION; expiry_model=BARS_AFTER_ACTIVATION:12; bars_since_activation=0; expiry_due=False
outcome_positive_replay_negative,2026-04-18_to_2026-04-18_run_001,f1eba2bf07b2bd205576320c,2026-04-18 01:50:00+00:00,2026-04-18 01:51:00+00:00,2026-04-18 01:51:00+00:00,STOP_LOSS,STOP,0.00000000,77133.40000000,77180.60000000,77062.60000000,77180.60000000,-0.00061193,0.00117387,0.00117387,-0.00029671,-0.00178580,0.00061193,0.00091789,1.50000000,1.27887844,0.48487278,True,False,False,entry_price_convention=next_bar_open | stop_hit | target_not_hit | stop_hit_resolved | expiry_start_semantics=AFTER_ACTIVATION; expiry_model=BARS_AFTER_ACTIVATION:12; bars_since_activation=0; expiry_due=False
outcome_positive_replay_negative,2026-04-18_to_2026-04-18_run_001,1fa58b7333ae5631dfe4cb3d,2026-04-18 05:26:00+00:00,2026-04-18 05:27:00+00:00,2026-04-18 05:27:00+00:00,STOP_LOSS,STOP,0.00000000,77110.80000000,77125.10000000,77089.35000000,77125.10000000,-0.00018545,0.00074165,0.00079611,-0.00002723,-0.00092710,0.00018545,0.00027817,1.50000000,2.86194012,0.14682592,True,False,False,entry_price_convention=next_bar_open | stop_hit | target_not_hit | stop_hit_resolved | expiry_start_semantics=AFTER_ACTIVATION; expiry_model=BARS_AFTER_ACTIVATION:12; bars_since_activation=0; expiry_due=False
outcome_positive_replay_negative,2026-04-18_to_2026-04-18_run_001,0c5d2d0c9c6004bd99f96f58,2026-04-18 05:41:00+00:00,2026-04-18 05:42:00+00:00,2026-04-18 05:45:00+00:00,STOP_LOSS,STOP,3.00000000,77095.80000000,77109.00000000,77076.00000000,77109.00000000,-0.00017122,0.00019972,0.00037868,-0.00011542,-0.00037093,0.00017122,0.00025682,1.50000000,1.47449502,0.67412700,True,False,False,entry_price_convention=next_bar_open | stop_not_hit | target_not_hit | close_not_resolved_step2a | expiry_start_semantics=AFTER_ACTIVATION; expiry_model=BARS_AFTER_ACTIVATION:12; bars_since_activation=0; expiry_due=False | stop_not_hit | target_not_hit | close_not_resolved_step2a | expiry_start_semantics=AFTER_ACTIVATION; expiry_model=BARS_AFTER_ACTIVATION:12; bars_since_activation=1; expiry_due=False | stop_not_hit | target_not_hit | close_not_resolved_step2a | expiry_start_semantics=AFTER_ACTIVATION; expiry_model=BARS_AFTER_ACTIVATION:12; bars_since_activation=2; expiry_due=False | stop_hit | target_not_hit | stop_hit_resolved | expiry_start_semantics=AFTER_ACTIVATION; expiry_model=BARS_AFTER_ACTIVATION:12; bars_since_activation=3; expiry_due=False
outcome_positive_replay_negative,2026-04-18_to_2026-04-18_run_001,04a57134be06a9ab14cd22dc,2026-04-18 07:01:00+00:00,2026-04-18 07:02:00+00:00,2026-04-18 07:05:00+00:00,STOP_LOSS,STOP,3.00000000,77062.10000000,77071.52000000,77047.97000000,77071.52000000,-0.00012224,0.00061787,0.00066588,-0.00019436,-0.00074011,0.00012224,0.00018336,1.50000000,3.63154476,1.59003918,True,True,False,entry_price_convention=next_bar_open | stop_not_hit | target_not_hit | close_not_resolved_step2a | expiry_start_semantics=AFTER_ACTIVATION; expiry_model=BARS_AFTER_ACTIVATION:12; bars_since_activation=0; expiry_due=False | stop_not_hit | target_not_hit | close_not_resolved_step2a | expiry_start_semantics=AFTER_ACTIVATION; expiry_model=BARS_AFTER_ACTIVATION:12; bars_since_activation=1; expiry_due=False | stop_not_hit | target_not_hit | close_not_resolved_step2a | expiry_start_semantics=AFTER_ACTIVATION; expiry_model=BARS_AFTER_ACTIVATION:12; bars_since_activation=2; expiry_due=False | stop_hit | target_not_hit | stop_hit_resolved | expiry_start_semantics=AFTER_ACTIVATION; expiry_model=BARS_AFTER_ACTIVATION:12; bars_since_activation=3; expiry_due=False
outcome_positive_replay_negative,2026-04-18_to_2026-04-18_run_001,8c1e449980d32fb8d240a1a8,2026-04-18 10:09:00+00:00,2026-04-18 10:10:00+00:00,2026-04-18 10:16:00+00:00,STOP_LOSS,STOP,6.00000000,76229.20000000,76318.25000000,76095.62500000,76318.25000000,-0.00116819,0.00053395,0.00199494,-0.00047892,-0.00170214,0.00116819,0.00175228,1.50000000,1.13847914,0.40996466,True,False,False,entry_price_convention=next_bar_open | stop_not_hit | target_not_hit | close_not_resolved_step2a | expiry_start_semantics=AFTER_ACTIVATION; expiry_model=BARS_AFTER_ACTIVATION:12; bars_since_activation=0; expiry_due=False | stop_not_hit | target_not_hit | close_not_resolved_step2a | expiry_start_semantics=AFTER_ACTIVATION; expiry_model=BARS_AFTER_ACTIVATION:12; bars_since_activation=1; expiry_due=False | stop_not_hit | target_not_hit | close_not_resolved_step2a | expiry_start_semantics=AFTER_ACTIVATION; expiry_model=BARS_AFTER_ACTIVATION:12; bars_since_activation=2; expiry_due=False | stop_not_hit | target_not_hit | close_not_resolved_step2a | expiry_start_semantics=AFTER_ACTIVATION; expiry_model=BARS_AFTER_ACTIVATION:12; bars_since_activation=3; expiry_due=False | stop_not_hit | target_not_hit | close_not_resolved_step2a | expiry_start_semantics=AFTER_ACTIVATION; expiry_model=BARS_AFTER_ACTIVATION:12; bars_since_activation=4; expiry_due=False | stop_not_hit | target_not_hit | close_not_resolved_step2a | expiry_start_semantics=AFTER_ACTIVATION; expiry_model=BARS_AFTER_ACTIVATION:12; bars_since_activation=5; expiry_due=False | stop_hit | target_not_hit | stop_hit_resolved | expiry_start_semantics=AFTER_ACTIVATION; expiry_model=BARS_AFTER_ACTIVATION:12; bars_since_activation=6; expiry_due=False
outcome_positive_replay_negative,2026-04-19_to_2026-04-19_run_001,2046c95e27f4fa437a6bd0e2,2026-04-19 00:24:00+00:00,2026-04-19 00:25:00+00:00,2026-04-19 00:25:00+00:00,STOP_LOSS,STOP,0.00000000,75530.50000000,75554.02000000,75495.22000000,75554.02000000,-0.00031140,0.00039601,0.00054425,-0.00067872,-0.00070741,0.00031140,0.00046710,1.50000000,1.16517005,2.17959339,True,True,False,entry_price_convention=next_bar_open | stop_hit | target_not_hit | stop_hit_resolved | expiry_start_semantics=AFTER_ACTIVATION; expiry_model=BARS_AFTER_ACTIVATION:12; bars_since_activation=0; expiry_due=False
outcome_positive_replay_negative,2026-04-19_to_2026-04-19_run_001,20ae54dc19641736eab2dc24,2026-04-19 01:16:00+00:00,2026-04-19 01:17:00+00:00,2026-04-19 01:17:00+00:00,STOP_LOSS,STOP,0.00000000,75586.70000000,75610.16000000,75551.51000000,75610.16000000,-0.00031037,0.00100463,0.00106017,-0.00018437,-0.00131500,0.00031037,0.00046556,1.50000000,2.27721308,0.59401853,True,False,False,entry_price_convention=next_bar_open | stop_hit | target_not_hit | stop_hit_resolved | expiry_start_semantics=AFTER_ACTIVATION; expiry_model=BARS_AFTER_ACTIVATION:12; bars_since_activation=0; expiry_due=False
outcome_positive_replay_negative,2026-04-19_to_2026-04-19_run_001,e26866160c5e11133cacc5db,2026-04-19 11:11:00+00:00,2026-04-19 11:12:00+00:00,2026-04-19 11:12:00+00:00,STOP_LOSS,STOP,0.00000000,75289.20000000,75318.85000000,75244.72500000,75318.85000000,-0.00039381,0.00022770,0.00044942,-0.00258567,-0.00062151,0.00039381,0.00059072,1.50000000,0.76080213,6.56571112,False,True,False,entry_price_convention=next_bar_open | stop_hit | target_not_hit | stop_hit_resolved | expiry_start_semantics=AFTER_ACTIVATION; expiry_model=BARS_AFTER_ACTIVATION:12; bars_since_activation=0; expiry_due=False
outcome_positive_replay_negative,2026-04-19_to_2026-04-19_run_001,07cc26450ca9df40c561a2ad,2026-04-19 17:01:00+00:00,2026-04-19 17:02:00+00:00,2026-04-19 17:04:00+00:00,STOP_LOSS,STOP,2.00000000,75213.30000000,75310.45000000,75067.57500000,75310.45000000,-0.00129166,0.00153432,0.00493358,-0.00050391,-0.00282598,0.00129166,0.00193749,1.50000000,2.54637641,0.39012913,True,False,False,entry_price_convention=next_bar_open | stop_not_hit | target_not_hit | close_not_resolved_step2a | expiry_start_semantics=AFTER_ACTIVATION; expiry_model=BARS_AFTER_ACTIVATION:12; bars_since_activation=0; expiry_due=False | stop_not_hit | target_not_hit | close_not_resolved_step2a | expiry_start_semantics=AFTER_ACTIVATION; expiry_model=BARS_AFTER_ACTIVATION:12; bars_since_activation=1; expiry_due=False | stop_hit | target_not_hit | stop_hit_resolved | expiry_start_semantics=AFTER_ACTIVATION; expiry_model=BARS_AFTER_ACTIVATION:12; bars_since_activation=2; expiry_due=False
outcome_positive_replay_negative,2026-04-20_to_2026-04-20_run_001,b9b67840ff8cdb6098a0ea9d,2026-04-20 21:04:00+00:00,2026-04-20 21:05:00+00:00,2026-04-20 21:07:00+00:00,STOP_LOSS,STOP,2.00000000,76190.00000000,76235.78000000,76121.33000000,76235.78000000,-0.00060087,0.00309409,0.00573720,-0.00058004,-0.00369495,0.00060087,0.00090130,1.50000000,6.36547766,0.96534394,True,False,False,entry_price_convention=next_bar_open | stop_not_hit | target_not_hit | close_not_resolved_step2a | expiry_start_semantics=AFTER_ACTIVATION; expiry_model=BARS_AFTER_ACTIVATION:12; bars_since_activation=0; expiry_due=False | stop_not_hit | target_not_hit | close_not_resolved_step2a | expiry_start_semantics=AFTER_ACTIVATION; expiry_model=BARS_AFTER_ACTIVATION:12; bars_since_activation=1; expiry_due=False | stop_hit | target_not_hit | stop_hit_resolved | expiry_start_semantics=AFTER_ACTIVATION; expiry_model=BARS_AFTER_ACTIVATION:12; bars_since_activation=2; expiry_due=False
outcome_positive_replay_negative,2026-04-21_to_2026-04-21_run_001,5f09353abcfba04e41cd302e,2026-04-21 04:03:00+00:00,2026-04-21 04:04:00+00:00,2026-04-21 04:05:00+00:00,STOP_LOSS,STOP,1.00000000,75665.20000000,75684.73000000,75635.90500000,75684.73000000,-0.00025811,0.00152911,0.00152911,-0.00002735,-0.00178722,0.00025811,0.00038717,1.50000000,3.94948409,0.10596343,True,False,False,entry_price_convention=next_bar_open | stop_not_hit | target_not_hit | close_not_resolved_step2a | expiry_start_semantics=AFTER_ACTIVATION; expiry_model=BARS_AFTER_ACTIVATION:12; bars_since_activation=0; expiry_due=False | stop_hit | target_not_hit | stop_hit_resolved | expiry_start_semantics=AFTER_ACTIVATION; expiry_model=BARS_AFTER_ACTIVATION:12; bars_since_activation=1; expiry_due=False
outcome_positive_replay_negative,2026-04-22_to_2026-04-22_run_001,0e35e4526c3204e3c9a3059c,2026-04-22 11:05:00+00:00,2026-04-22 11:06:00+00:00,2026-04-22 11:06:00+00:00,STOP_LOSS,STOP,0.00000000,78185.20000000,78204.00000000,78157.00000000,78204.00000000,-0.00024045,0.00057414,0.00191167,-0.00058821,-0.00081459,0.00024045,0.00036068,1.50000000,5.30014400,2.44622031,True,True,False,entry_price_convention=next_bar_open | stop_hit | target_not_hit | stop_hit_resolved | expiry_start_semantics=AFTER_ACTIVATION; expiry_model=BARS_AFTER_ACTIVATION:12; bars_since_activation=0; expiry_due=False
outcome_positive_replay_negative,2026-04-22_to_2026-04-22_run_001,9002a65aedaa23d6742567d2,2026-04-22 11:05:00+00:00,2026-04-22 11:06:00+00:00,2026-04-22 11:07:00+00:00,STOP_LOSS,STOP,1.00000000,78185.20000000,78186.00000000,78184.00000000,78186.00000000,-0.00001023,0.00034405,0.00168189,-0.00081856,-0.00035428,0.00001023,0.00001535,1.50000000,109.58221208,79.99918144,True,True,True,entry_price_convention=next_bar_open | stop_hit | target_hit | same_bar_collision_routed_to_policy | expiry_start_semantics=AFTER_ACTIVATION; expiry_model=BARS_AFTER_ACTIVATION:12; bars_since_activation=0; expiry_due=False | stop_hit | target_not_hit | stop_hit_resolved | expiry_start_semantics=AFTER_ACTIVATION; expiry_model=BARS_AFTER_ACTIVATION:12; bars_since_activation=1; expiry_due=False
outcome_positive_replay_negative,2026-04-22_to_2026-04-22_run_001,45d923fce6cc4de21cd8f3d2,2026-04-22 22:03:00+00:00,2026-04-22 22:04:00+00:00,2026-04-22 22:06:00+00:00,STOP_LOSS,STOP,2.00000000,78672.00000000,78724.55000000,78593.17500000,78724.55000000,-0.00066796,0.00011623,0.00103462,-0.00075516,-0.00078419,0.00066796,0.00100194,1.50000000,1.03261187,1.13054836,True,True,False,entry_price_convention=next_bar_open | stop_not_hit | target_not_hit | close_not_resolved_step2a | expiry_start_semantics=AFTER_ACTIVATION; expiry_model=BARS_AFTER_ACTIVATION:12; bars_since_activation=0; expiry_due=False | stop_not_hit | target_not_hit | close_not_resolved_step2a | expiry_start_semantics=AFTER_ACTIVATION; expiry_model=BARS_AFTER_ACTIVATION:12; bars_since_activation=1; expiry_due=False | stop_hit | target_not_hit | stop_hit_resolved | expiry_start_semantics=AFTER_ACTIVATION; expiry_model=BARS_AFTER_ACTIVATION:12; bars_since_activation=2; expiry_due=False
outcome_positive_replay_negative,2026-04-23_to_2026-04-23_run_001,d8964142684b661f26792fdb,2026-04-23 05:11:00+00:00,2026-04-23 05:12:00+00:00,2026-04-23 05:12:00+00:00,STOP_LOSS,STOP,0.00000000,77941.50000000,77949.14000000,77930.04000000,77949.14000000,-0.00009802,0.00067916,0.00101784,-0.00032277,-0.00077718,0.00009802,0.00014703,1.50000000,6.92253261,3.29287094,True,True,False,entry_price_convention=next_bar_open | stop_hit | target_not_hit | stop_hit_resolved | expiry_start_semantics=AFTER_ACTIVATION; expiry_model=BARS_AFTER_ACTIVATION:12; bars_since_activation=0; expiry_due=False
